tconst	ordering	nconst	category	job	characters	img_url_asset
tt000929	1	nm0066941	actor	\N	\N	\N
tt000929	2	nm0170183	actor	\N	\N	\N
tt000929	3	nm0092290	actor	\N	\N	https://image.tmdb.org/t/p/{width_variable}/4LeEAQ539JgoRcqX4Er0fGOwoZg.jpg
tt000929	4	nm0093361	director	\N	\N	\N
tt000929	5	nm1902148	producer	producer	\N	\N
tt000929	6	nm0667386	cinematographer	\N	\N	\N
tt000977	1	nm0092290	actor	\N	\N	https://image.tmdb.org/t/p/{width_variable}/4LeEAQ539JgoRcqX4Er0fGOwoZg.jpg
tt000977	2	nm1902148	producer	producer	\N	\N
tt000977	3	nm0667386	cinematographer	\N	\N	\N
tt015414	1	nm0147437	self	\N	"[""Self""]"	\N
tt015414	2	nm0615736	self	\N	"[""Self""]"	https://image.tmdb.org/t/p/{width_variable}/kHiLG0lyy5WqqxsLgYPAi61R37p.jpg
tt015724	10	nm1457911	editor	\N	\N	\N
tt015724	1	nm0844752	actor	\N	"[""Bruno""]"	https://image.tmdb.org/t/p/{width_variable}/m9KfJxxrOdIBqPDOhSvw6GPA1Uy.jpg
tt015724	2	nm0869732	actress	\N	"[""Sofía""]"	https://image.tmdb.org/t/p/{width_variable}/2dZRblt3alR4ihcBNasYDI1gwc0.jpg
tt015724	3	nm0194720	actor	\N	"[""Rolando Matute""]"	https://image.tmdb.org/t/p/{width_variable}/bs5zAkh01XU6hY4bYucgDXYisIg.jpg
tt015724	4	nm0650495	actress	\N	"[""Salomé""]"	https://image.tmdb.org/t/p/{width_variable}/fyTgy9TKCxJetrNVGBIQ5gCIDsV.jpg
tt015724	5	nm0529960	director	\N	\N	\N
tt015724	6	nm1597742	writer	novel	\N	\N
tt015724	7	nm0600039	producer	producer	\N	\N
tt015724	8	nm0255550	composer	\N	\N	\N
tt015724	9	nm0006509	cinematographer	\N	\N	https://image.tmdb.org/t/p/{width_variable}/5h2U70z7OS5Rb2PdrPpjo35eWCl.jpg
tt034841	1	nm0572235	director	\N	\N	https://image.tmdb.org/t/p/{width_variable}/rD180RxxIcxdCZbI2X5sfSb4lT.jpg
tt038086	10	nm0279072	actor	\N	"[""Kriminalassistent Egge""]"	https://image.tmdb.org/t/p/{width_variable}/tWA1aLPdB5UpovFAyv9lnxpuvid.jpg
tt038086	1	nm0002161	actor	\N	"[""Kriminalrat Dietrich Dongen""]"	https://image.tmdb.org/t/p/{width_variable}/x1s3RdddpAfjNXVhYJqjAskklUV.jpg
tt038086	2	nm0081499	actor	\N	\N	https://image.tmdb.org/t/p/{width_variable}/lK3MxrK9LUHxPGvXwcejatLmRPb.jpg
tt038086	3	nm0220471	actor	\N	\N	\N
tt038086	4	nm0243017	actor	\N	\N	https://image.tmdb.org/t/p/{width_variable}/49Rl5z4OHIK8SF639np4agXzsrA.jpg
tt038086	5	nm0826094	director	\N	\N	https://image.tmdb.org/t/p/{width_variable}/xvP4DLKf3DE4on6tA63iNdeRt47.jpg
tt038086	6	nm0076617	writer	novel	\N	\N
tt038086	7	nm0006057	composer	\N	\N	\N
tt038086	8	nm0389155	cinematographer	\N	\N	\N
tt038086	9	nm0257262	actor	\N	\N	https://image.tmdb.org/t/p/{width_variable}/9MNdbTpIx8GErdLCzY0QlVnf6IX.jpg
tt040844	1	nm0000248	actor	\N	"[""Cowboy""]"	https://image.tmdb.org/t/p/{width_variable}/mT2dlFO5i2gKpRJzB9gwuRAq21t.jpg
tt040844	2	nm0601146	actor	\N	"[""Lem""]"	https://image.tmdb.org/t/p/{width_variable}/k35EeiZPgGzhrHeVH1rWtuhycLZ.jpg
tt040844	3	nm0619265	actor	\N	"[""Tex""]"	\N
tt040844	4	nm0564502	actress	\N	"[""Barbara""]"	https://image.tmdb.org/t/p/{width_variable}/wlNCRQ8odruOPyY2WKG80znHlKr.jpg
tt040844	5	nm0298215	writer	narration	\N	https://image.tmdb.org/t/p/{width_variable}/878i8VLSExhVXc6SPRq1c7edMs4.jpg
tt040844	6	nm0858659	producer	producer	\N	\N
tt040844	7	nm0918840	composer	\N	\N	\N
tt040844	8	nm0282325	cinematographer	\N	\N	\N
tt059325	10	nm0505026	production_designer	\N	\N	\N
tt059325	1	nm0383850	actress	\N	"[""Lisa, genannt Li""]"	\N
tt059325	2	nm0753957	actor	\N	"[""Alfred, genannt Al""]"	https://image.tmdb.org/t/p/{width_variable}/21Cu0cELjVtkDIBRqeaw6vxAiYq.jpg
tt059325	3	nm2535970	actor	\N	"[""Mogul""]"	\N
tt059325	4	nm0537007	actor	\N	"[""Hans""]"	https://image.tmdb.org/t/p/{width_variable}/24ckcgfrWrVVdk1Ex32vuysdAmv.jpg
tt059325	5	nm0127158	director	\N	\N	https://image.tmdb.org/t/p/{width_variable}/zzgq3s7shKd6zIabGIIG3s7afxq.jpg
tt059325	6	nm0687851	writer	\N	\N	\N
tt059325	7	nm0081598	composer	\N	\N	https://image.tmdb.org/t/p/{width_variable}/fiWaAtuXlpBwahEWchhH0orQrBB.jpg
tt059325	8	nm0344875	cinematographer	\N	\N	\N
tt059325	9	nm0313205	editor	\N	\N	\N
tt059900	10	nm0386629	production_designer	\N	\N	\N
tt059900	1	nm1052658	actor	\N	"[""Adam""]"	\N
tt059900	2	nm0937760	actor	\N	"[""Tember""]"	https://image.tmdb.org/t/p/{width_variable}/h2hAJ0RLJ4Xx08EaTsCuUrDwQvj.jpg
tt059900	3	nm0472545	actor	\N	"[""Konstantin""]"	https://image.tmdb.org/t/p/{width_variable}/4qfxHPHzQhmNHXtVB6AuXIXZISf.jpg
tt059900	4	nm0334635	actress	\N	"[""Caroline""]"	https://image.tmdb.org/t/p/{width_variable}/yUFoiSKJHVdcuWqVcjuiXz6AjvF.jpg
tt059900	5	nm0351586	director	\N	\N	https://image.tmdb.org/t/p/{width_variable}/qol1P8EmjMQIXHrTbIeDRm3rRc7.jpg
tt059900	6	nm0778360	writer	\N	\N	\N
tt059900	7	nm0624150	composer	\N	\N	\N
tt059900	8	nm0340497	cinematographer	\N	\N	\N
tt059900	9	nm0771858	editor	\N	\N	\N
tt065188	10	nm0098390	production_designer	\N	\N	\N
tt065188	1	nm0286367	actor	\N	"[""Vojta""]"	https://image.tmdb.org/t/p/{width_variable}/sLcHD4HNl6bDqo2zvR4xS3UnPzX.jpg
tt065188	2	nm0525656	actress	\N	"[""Anezka""]"	https://image.tmdb.org/t/p/{width_variable}/bjwSxzsB2VQe09t09otThYqHBOH.jpg
tt065188	3	nm0230866	actress	\N	"[""Blazena""]"	\N
tt065188	4	nm0953822	actor	\N	"[""Lojza""]"	https://image.tmdb.org/t/p/{width_variable}/4eXMDdzHhbipOdalzO7CGn5RNa9.jpg
tt065188	5	nm0878702	director	\N	\N	https://image.tmdb.org/t/p/{width_variable}/rshRHHG5voW4KrojReCIF8Y17Ed.jpg
tt065188	6	nm0434141	writer	screenplay	\N	\N
tt065188	7	nm0815785	writer	screenplay	\N	\N
tt065188	8	nm1413539	composer	\N	\N	\N
tt065188	9	nm0532709	editor	\N	\N	\N
tt067460	1	nm0091430	self	\N	"[""Self""]"	https://image.tmdb.org/t/p/{width_variable}/6TiG3ItMvehkprMTdIDvWZD7jZv.jpg
tt067460	2	nm0155034	self	\N	"[""Self""]"	\N
tt067460	3	nm0821041	self	\N	"[""Self""]"	https://image.tmdb.org/t/p/{width_variable}/f1MchlCMVc4LDWEALsodZHPkbIu.jpg
tt067460	4	nm0821043	self	\N	"[""Self""]"	https://image.tmdb.org/t/p/{width_variable}/aHGIAA6jwGxZXFGtd5N2gVjXNcO.jpg
tt067460	5	nm0254945	producer	producer	\N	\N
tt067460	6	nm0475101	producer	producer	\N	\N
tt067460	7	nm0006165	composer	\N	\N	https://image.tmdb.org/t/p/{width_variable}/f9HjW8Y0cI3lVZ2779wOvxUuWaU.jpg
tt067460	8	nm0005644	cinematographer	\N	\N	https://image.tmdb.org/t/p/{width_variable}/iZonD2w5n4DVDzpWH5AzfKgHOb2.jpg
tt067460	9	nm0949422	editor	\N	\N	\N
tt068494	1	nm0496571	actor	\N	"[""Doug""]"	\N
tt068494	2	nm0792032	actress	\N	"[""Tara""]"	\N
tt068494	3	nm2866691	actor	\N	\N	\N
tt068494	4	nm2865979	actor	\N	\N	\N
tt068494	5	nm0643443	director	\N	\N	\N
tt068494	6	nm2784719	composer	\N	\N	\N
tt068494	7	nm0676286	cinematographer	\N	\N	\N
tt068494	8	nm2867782	editor	\N	\N	\N
tt070501	1	nm0487508	actress	\N	"[""María""]"	\N
tt070501	2	nm3012589	actor	\N	"[""Juan Carlos""]"	\N
tt070501	3	nm5672626	actress	\N	"[""Mirta""]"	\N
tt070501	4	nm0033058	actor	\N	"[""Lodger""]"	https://image.tmdb.org/t/p/{width_variable}/8qUN7ce0f8MQr93hZeX7WaaBAgb.jpg
tt070501	5	nm0749914	director	\N	\N	https://image.tmdb.org/t/p/{width_variable}/gsJkcICbmk1GCi3EkDkxE6qZcpe.jpg
tt070501	6	nm0481040	writer	novel	\N	\N
tt070501	7	nm1097480	composer	\N	\N	\N
tt070501	8	nm0129028	cinematographer	\N	\N	https://image.tmdb.org/t/p/{width_variable}/19DO1o10TVKhqkGHUvt65FvLj0X.jpg
tt070501	9	nm0681196	editor	\N	\N	\N
tt073481	1	nm0000518	actor	\N	"[""Deeley""]"	https://image.tmdb.org/t/p/{width_variable}/5coH0AExljEnbseCXKL4CDOVQj8.jpg
tt073481	2	nm0625075	actress	\N	"[""Kate""]"	https://image.tmdb.org/t/p/{width_variable}/a2BUOy9A9WlvTfe8s4gn0MZfPa5.jpg
tt073481	3	nm0001669	actress	\N	"[""Anna""]"	https://image.tmdb.org/t/p/{width_variable}/2IEW3fxqHb4AHBl5xU8JuipJbNK.jpg
tt073481	4	nm0193508	director	\N	\N	https://image.tmdb.org/t/p/{width_variable}/7gQqZO7uoHNrHX6IZfCLCtXBDkU.jpg
tt073481	5	nm0056217	writer	play	\N	https://image.tmdb.org/t/p/{width_variable}/w0ItHr1DFWT01i07354nFZ3cX04.jpg
tt073481	6	nm0760255	composer	\N	\N	\N
tt073481	7	nm0693975	editor	\N	\N	\N
tt073481	8	nm0331540	production_designer	\N	\N	\N
tt077432	10	nm1164655	actor	\N	\N	\N
tt077432	1	nm0504973	actor	\N	\N	\N
tt077432	2	nm0160823	actress	\N	\N	https://image.tmdb.org/t/p/{width_variable}/aYXVaGG4vqtBVibF53s8yxLUNH5.jpg
tt077432	3	nm0594226	actor	\N	\N	https://image.tmdb.org/t/p/{width_variable}/cCmCh5D3bRA1dZ7xKGH5pBjkyQf.jpg
tt077432	4	nm3997864	actor	\N	\N	\N
tt077432	5	nm0839288	director	\N	\N	\N
tt077432	6	nm1150921	writer	screenplay	\N	\N
tt077432	7	nm3992583	producer	producer	\N	\N
tt077432	8	nm0530903	actor	\N	\N	\N
tt077432	9	nm0465062	actor	\N	\N	\N
tt078006	10	nm0000035	composer	\N	\N	https://image.tmdb.org/t/p/{width_variable}/g2C3Fb4fHCU2gnqUcwTQCv5EZc4.jpg
tt078006	1	nm0370209	actor	\N	"[""Norman""]"	\N
tt078006	2	nm0244139	actor	\N	"[""Cameron""]"	\N
tt078006	3	nm0730372	actress	\N	"[""Ellen""]"	\N
tt078006	4	nm0625196	actor	\N	"[""Young Norman""]"	\N
tt078006	5	nm0333937	director	\N	\N	\N
tt078006	6	nm0643093	writer	based on the story by	\N	https://image.tmdb.org/t/p/{width_variable}/uVmHWxfJbioT2jwSoP55erApGDC.jpg
tt078006	7	nm0682421	writer	screenplay	\N	\N
tt078006	8	nm0455130	producer	producer	\N	\N
tt078006	9	nm0703605	producer	producer	\N	\N
tt080039	1	nm0001657	actor	\N	"[""Captain Daniel Nelson""]"	https://image.tmdb.org/t/p/{width_variable}/dWfotc1X71wNCGyPO9hXpv8U9Gw.jpg
tt080039	2	nm0153223	actress	\N	"[""General Natasha Alexandrovitch""]"	https://image.tmdb.org/t/p/{width_variable}/t5Y5aLytxdas5EMVTqf93pyYw7j.jpg
tt080039	3	nm0001088	actor	\N	"[""Commissioner Potts""]"	https://image.tmdb.org/t/p/{width_variable}/if5g03wn6uvHx7F6FxXHLebKc0q.jpg
tt080039	4	nm0943978	actor	\N	"[""General Spelvin""]"	https://image.tmdb.org/t/p/{width_variable}/n5iLeYpe19ah5zYzooksiArIQZk.jpg
tt080039	5	nm0192870	director	\N	\N	\N
tt080039	6	nm0288708	writer	original screenplay	\N	\N
tt080039	7	nm0192824	producer	producer	\N	\N
tt080039	8	nm0556671	cinematographer	\N	\N	\N
tt081008	1	nm0389846	director	\N	\N	\N
tt081145	10	nm0005777	cinematographer	\N	\N	\N
tt081145	1	nm0000732	actor	\N	"[""Harry""]"	https://image.tmdb.org/t/p/{width_variable}/e7Q6hgWilShqGZ572ByWF9eshMm.jpg
tt081145	2	nm0958406	actor	\N	"[""Gary""]"	\N
tt081145	3	nm0001592	actor	\N	"[""Roy""]"	https://image.tmdb.org/t/p/{width_variable}/cXMOad9KKVBK1lg8EjEbcNPn1OT.jpg
tt081145	4	nm0001550	actress	\N	"[""Rose""]"	https://image.tmdb.org/t/p/{width_variable}/g5pXUDGH30egsCq9eTDrsikFAYk.jpg
tt081145	5	nm0193303	director	\N	\N	https://image.tmdb.org/t/p/{width_variable}/sZhCvP3WCdaRHcuW1xj1bxsVNjn.jpg
tt081145	6	nm0169785	writer	"novel ""Taking Gary Feldman"""	\N	\N
tt081145	7	nm0849601	writer	screenplay	\N	\N
tt081145	8	nm0521011	producer	producer	\N	https://image.tmdb.org/t/p/{width_variable}/3qFgMGUcFcuPsFCnsa6saDqMj60.jpg
tt081145	9	nm0006013	composer	\N	\N	https://image.tmdb.org/t/p/{width_variable}/pctpQ4sJhRSblesc1MtduaINl8S.jpg
tt081436	1	nm0525938	director	\N	\N	\N
tt081721	10	nm0303592	production_designer	\N	\N	\N
tt081721	1	nm0001409	actor	\N	"[""Vincent Van Gogh""]"	https://image.tmdb.org/t/p/{width_variable}/jrtGiLYaALwDZgF39Hlgb8O1XZ1.jpg
tt081721	2	nm0678113	actress	\N	"[""Josephine Tetley 'Jo'""]"	\N
tt081721	3	nm0286612	actor	\N	"[""Felix Murphy""]"	\N
tt081721	4	nm0459325	actor	\N	"[""Joris""]"	\N
tt081721	5	nm0747808	director	\N	\N	https://image.tmdb.org/t/p/{width_variable}/vwYNRHAAcdKObqLhMrmGYZ9L9x1.jpg
tt081721	6	nm0218362	producer	producer	\N	https://image.tmdb.org/t/p/{width_variable}/e5eH3GU1ZT3V8CYfwFVaMDe6Jwl.jpg
tt081721	7	nm0396386	composer	\N	\N	\N
tt081721	8	nm0693730	cinematographer	\N	\N	\N
tt081721	9	nm0181024	editor	\N	\N	\N
tt082473	1	nm0164950	actor	\N	"[""Narrator""]"	https://image.tmdb.org/t/p/{width_variable}/lfCpXBpkHKOdtkXFBTwIvHh6xCx.jpg
tt082473	2	nm0044011	actress	\N	"[""Narrator""]"	https://image.tmdb.org/t/p/{width_variable}/3TBLZwWSm8uInoZzd46OaV8glzH.jpg
tt082473	3	nm0347858	self	\N	"[""Self""]"	https://image.tmdb.org/t/p/{width_variable}/d5xb4nF5C1ucsp8JgbyplVey849.jpg
tt082473	4	nm0143426	director	\N	\N	\N
tt082473	5	nm0724255	writer	written by	\N	\N
tt082473	6	nm0637280	producer	producer	\N	\N
tt082473	7	nm0938101	cinematographer	\N	\N	\N
tt082473	8	nm0403174	editor	\N	\N	\N
tt082891	1	nm1362494	actor	\N	"[""Man""]"	\N
tt082891	2	nm1276357	actress	\N	"[""Female""]"	\N
tt082891	3	nm2236469	actor	\N	"[""Guard""]"	\N
tt082891	4	nm2236018	actor	\N	"[""Next Man""]"	\N
tt082891	5	nm0000382	director	\N	\N	https://image.tmdb.org/t/p/{width_variable}/tcC1xvYTnoVPwzVVpPkHJ2oPLb4.jpg
tt083837	1	nm0523800	writer	\N	\N	\N
tt084015	10	nm0238011	cinematographer	\N	\N	\N
tt084015	1	nm0601374	actor	\N	"[""Joe Martin""]"	\N
tt084015	2	nm0393702	actress	\N	"[""Billie Keale""]"	https://image.tmdb.org/t/p/{width_variable}/8PFcJexeSx5x0zUPDv2zje2x8SD.jpg
tt084015	3	nm0393222	actor	\N	"[""Cook""]"	https://image.tmdb.org/t/p/{width_variable}/v3lfw5aHOy0paOCx6WHiSnwzbH0.jpg
tt084015	4	nm0863154	actress	\N	"[""Big Sharon""]"	\N
tt084015	5	nm0160246	director	\N	\N	\N
tt084015	6	nm0767391	director	\N	\N	\N
tt084015	7	nm2384991	writer	\N	\N	\N
tt084015	8	nm2392328	composer	\N	\N	\N
tt084015	9	nm2169439	composer	\N	\N	\N
tt084447	1	nm0292058	actor	\N	"[""Frank""]"	\N
tt084447	2	nm7896911	actor	\N	"[""Michael""]"	\N
tt084447	3	nm0146945	actress	\N	"[""Maureen""]"	\N
tt084447	4	nm0203219	actress	\N	"[""Mrs. Odahrian""]"	\N
tt084447	5	nm0000382	director	\N	\N	https://image.tmdb.org/t/p/{width_variable}/tcC1xvYTnoVPwzVVpPkHJ2oPLb4.jpg
tt084447	6	nm0737962	composer	\N	\N	\N
tt084447	7	nm0582650	cinematographer	\N	\N	https://image.tmdb.org/t/p/{width_variable}/cJeAJKcMdVOhAz8Pk5QZITIuw6P.jpg
tt084447	8	nm2235804	actor	\N	"[""Mr. Odahrian""]"	\N
tt084447	9	nm1558060	actor	\N	"[""Man on Street""]"	\N
tt084551	10	nm2649060	cinematographer	\N	\N	\N
tt084551	1	nm0156522	actress	\N	"[""Shen""]"	https://image.tmdb.org/t/p/{width_variable}/mHu0edLezIp5gPYzPX7w4d2Iw15.jpg
tt084551	2	nm0943138	actor	\N	"[""Monk Fa Da""]"	https://image.tmdb.org/t/p/{width_variable}/zfvulEXVw72RAf4OkOdkykDnqUH.jpg
tt084551	3	nm0155599	actor	\N	"[""Feng Yun-Tin""]"	https://image.tmdb.org/t/p/{width_variable}/sMLzRjTYJYeTjTE09XjVHHB8Ddx.jpg
tt084551	4	nm0490614	actor	\N	"[""Head of Da Hung Religion""]"	https://image.tmdb.org/t/p/{width_variable}/w949uXNdjsbuXcSG7JKDIHApYf8.jpg
tt084551	5	nm0152049	director	\N	\N	\N
tt084551	6	nm4184369	writer	screenplay	\N	\N
tt084551	7	nm4894011	writer	screenplay	\N	\N
tt084551	8	nm1852162	writer	screenplay	\N	\N
tt084551	9	nm0482697	composer	\N	\N	\N
tt084638	10	nm0630113	self	\N	"[""Self""]"	https://image.tmdb.org/t/p/{width_variable}/kHYaqebo9gHgoetPEtQbqyi4Xp7.jpg
tt084638	1	nm0912238	archive_footage	\N	"[""Self""]"	https://image.tmdb.org/t/p/{width_variable}/4FwsJKGOpYcYwFqxFKnbl5bFx3Y.jpg
tt084638	2	nm0129816	self	\N	"[""Self""]"	https://image.tmdb.org/t/p/{width_variable}/wUidKhZJlXeYg1OMtrLvSrZFOoD.jpg
tt084638	3	nm0320091	self	\N	"[""Self""]"	https://image.tmdb.org/t/p/{width_variable}/w7qQvokS1lp7IRgefiJdALaaiIi.jpg
tt084638	4	nm0001396	self	\N	"[""Self""]"	https://image.tmdb.org/t/p/{width_variable}/lnW255mXyX6K8agSNwhj8H06CoC.jpg
tt084638	5	nm0577263	director	\N	\N	https://image.tmdb.org/t/p/{width_variable}/8Vg9wa4dzsYRB2DsaJp9Db7lvuT.jpg
tt084638	6	nm0447882	self	\N	"[""Self""]"	https://image.tmdb.org/t/p/{width_variable}/wU7wjyUYGP2rCFDde4yTCdDSM58.jpg
tt084638	7	nm0006168	archive_footage	\N	"[""Self""]"	https://image.tmdb.org/t/p/{width_variable}/eoaFA3ekdmEhAtSZ3wb9gEm2TYh.jpg
tt084638	8	nm0538922	self	\N	"[""Self""]"	https://image.tmdb.org/t/p/{width_variable}/h5wHiT55EJHC9VvlnCVZi2wNW76.jpg
tt084638	9	nm0607316	self	\N	"[""Self""]"	https://image.tmdb.org/t/p/{width_variable}/n9pEZAQZnw0RKvAwIz1WWGuHDI1.jpg
tt084870	1	nm0210701	self	\N	"[""Self""]"	https://image.tmdb.org/t/p/{width_variable}/lkEY4Amtuyk8hPmNz01EqWYH3Xk.jpg
tt084870	2	nm2578362	self	\N	"[""Self""]"	\N
tt084870	3	nm0246822	actor	\N	\N	https://image.tmdb.org/t/p/{width_variable}/2p8tFBuKgoCXohTz0vqRLrV3bYe.jpg
tt084870	4	nm0535166	actress	\N	"[""Narrator""]"	https://image.tmdb.org/t/p/{width_variable}/7RUJ55Jmfv1KN9GKLQ6ccOjVosb.jpg
tt084870	5	nm0078760	writer	dialogue	\N	https://image.tmdb.org/t/p/{width_variable}/3TTDc5tPEBalKF4Q9BRcvJFUTPq.jpg
tt084870	6	nm0740650	cinematographer	\N	\N	https://image.tmdb.org/t/p/{width_variable}/ayxanSSP019MUd7PtDW5sh5QeyZ.jpg
tt084870	7	nm0347263	editor	\N	\N	\N
tt087306	1	nm0653458	director	\N	\N	https://image.tmdb.org/t/p/{width_variable}/p3qqjBuh1mzC1dgNoyPxS4bH3j.jpg
tt088267	10	nm0438071	actor	\N	"[""Film Director""]"	https://image.tmdb.org/t/p/{width_variable}/iFLyXbaiFHSerJyizQa2ZwMPMQ8.jpg
tt088267	1	nm0482580	actor	\N	"[""The Master""]"	https://image.tmdb.org/t/p/{width_variable}/3G7ftUMJeFHaxxcCZ9gBRtd84Tg.jpg
tt088267	2	nm0939153	actress	\N	"[""Gigi Wong"",""Evil Woman""]"	https://image.tmdb.org/t/p/{width_variable}/czi7jy9VnrEmrJTE9oVUJRgDsY.jpg
tt088267	3	nm0793008	actor	\N	"[""Ma Sheung Fung""]"	\N
tt088267	4	nm0939065	actor	\N	"[""Tortoise""]"	https://image.tmdb.org/t/p/{width_variable}/e3om7myl5ZKXt1KaRbSYvAd0N35.jpg
tt088267	5	nm0948151	director	\N	\N	\N
tt088267	6	nm1292716	writer	\N	\N	\N
tt088267	7	nm2448825	producer	producer	\N	\N
tt088267	8	nm0155713	editor	\N	\N	\N
tt088267	9	nm0938893	actor	\N	"[""Ben""]"	https://image.tmdb.org/t/p/{width_variable}/7UYRnOZXSmJFcQGPBUSFbyY07zZ.jpg
tt088283	10	nm0812320	cinematographer	\N	\N	\N
tt088283	1	nm0296260	actor	\N	"[""Hübner""]"	https://image.tmdb.org/t/p/{width_variable}/wirVDirOcVdqXshONKd61cTLlYc.jpg
tt088283	2	nm0726258	actor	\N	"[""Zimmermann""]"	https://image.tmdb.org/t/p/{width_variable}/AnAeRZj5K1iEBQRRsMkrrD2xSCU.jpg
tt088283	3	nm0459031	actor	\N	"[""Rödel""]"	https://image.tmdb.org/t/p/{width_variable}/38ZYGnzRELpAej6OpAyOdKMkK9T.jpg
tt088283	4	nm0089760	actress	\N	"[""Sonja Wilke""]"	https://image.tmdb.org/t/p/{width_variable}/9Y8dkF3wVPmif1Mu7e9uYVEKmLs.jpg
tt088283	5	nm0353436	director	\N	\N	\N
tt088283	6	nm0030676	writer	written by	\N	\N
tt088283	7	nm0331498	writer	story editor	\N	\N
tt088283	8	nm0123981	producer	producer	\N	\N
tt088283	9	nm0042259	composer	\N	\N	\N
tt088656	10	nm0463595	producer	producer	\N	\N
tt088656	1	nm0866697	actress	\N	"[""Iris""]"	https://image.tmdb.org/t/p/{width_variable}/hjuS06UcHyHc57TJe68zdeK13QL.jpg
tt088656	2	nm0492496	actress	\N	"[""Iris (1994)""]"	\N
tt088656	3	nm0960690	actress	\N	"[""Iris""]"	https://image.tmdb.org/t/p/{width_variable}/you6TqTkkTxOnO2iXj34Qd8QKR1.jpg
tt088656	4	nm0299192	actor	\N	"[""Leon""]"	https://image.tmdb.org/t/p/{width_variable}/zZjO0NxIbEhYW3507gXVnvWeRkG.jpg
tt088656	5	nm0407479	director	\N	\N	\N
tt088656	6	nm0632726	director	\N	\N	https://image.tmdb.org/t/p/{width_variable}/vPRboAZrIKoErMPquZ6Mdt9RRQv.jpg
tt088656	7	nm0014556	writer	screenplay	\N	https://image.tmdb.org/t/p/{width_variable}/euLQAFrGct2JxoVWejId6nHQqX9.jpg
tt088656	8	nm0840697	writer	story	\N	\N
tt088656	9	nm0847638	writer	story	\N	\N
tt088657	10	nm0463595	producer	producer	\N	\N
tt088657	1	nm0299192	actor	\N	"[""Leon""]"	https://image.tmdb.org/t/p/{width_variable}/zZjO0NxIbEhYW3507gXVnvWeRkG.jpg
tt088657	2	nm0376316	actor	\N	"[""Leon (1994)""]"	https://image.tmdb.org/t/p/{width_variable}/hHsY7sPAH8o14SbgRScYE0wRwSs.jpg
tt088657	3	nm0603105	actor	\N	"[""Leon (1995)""]"	\N
tt088657	4	nm0559640	actress	\N	"[""Gina""]"	https://image.tmdb.org/t/p/{width_variable}/bCz1mhZezCwmwWT93tDuuwVbrH4.jpg
tt088657	5	nm0407479	director	\N	\N	\N
tt088657	6	nm0632726	director	\N	\N	https://image.tmdb.org/t/p/{width_variable}/vPRboAZrIKoErMPquZ6Mdt9RRQv.jpg
tt088657	7	nm0014556	writer	screenplay	\N	https://image.tmdb.org/t/p/{width_variable}/euLQAFrGct2JxoVWejId6nHQqX9.jpg
tt088657	8	nm0840697	writer	story	\N	\N
tt088657	9	nm0847638	writer	story	\N	\N
tt089043	1	nm0095755	director	\N	\N	\N
tt090000	1	nm0338394	actress	\N	\N	\N
tt090000	2	nm0948698	actor	\N	\N	\N
tt090000	3	nm0598535	actress	\N	\N	\N
tt090000	4	nm1709207	director	\N	\N	\N
tt090000	5	nm0328221	producer	producer	\N	\N
tt090000	6	nm0558293	cinematographer	\N	\N	\N
tt090144	1	nm0265853	actor	\N	"[""Narrateur""]"	https://image.tmdb.org/t/p/{width_variable}/j8f5S6XoDdop89Oi648Ec9DmhkW.jpg
tt090144	2	nm10165788	self	\N	"[""Self""]"	\N
tt090665	10	nm0123396	producer	producer	\N	\N
tt090665	1	nm0099277	actor	\N	"[""Noura""]"	https://image.tmdb.org/t/p/{width_variable}/rKTA1pltcjk5h1PF16AZHYCZrim.jpg
tt090665	2	nm0012399	actor	\N	"[""Si Azzouz Noura's father""]"	https://image.tmdb.org/t/p/{width_variable}/gN6ohtJuzaaeyl0z96eh5mgknQf.jpg
tt090665	3	nm0069871	actress	\N	"[""Jamila Noura's mother""]"	https://image.tmdb.org/t/p/{width_variable}/waX9XSwWdOhSI6qwRAAqTucJVj4.jpg
tt090665	4	nm0238091	actor	\N	"[""Salih""]"	\N
tt090665	5	nm0099276	director	\N	\N	https://image.tmdb.org/t/p/{width_variable}/53hqwxWDK5WR2cgDe983wNwteDd.jpg
tt090665	6	nm0100525	writer	\N	\N	https://image.tmdb.org/t/p/{width_variable}/bR39LfzgtY9o5Yw5x1PzSzDFS54.jpg
tt090665	7	nm0420017	writer	dialogue	\N	\N
tt090665	8	nm0502507	writer	\N	\N	\N
tt090665	9	nm0041039	producer	producer	\N	\N
tt090780	10	nm0748429	writer	teleplay	\N	\N
tt090780	1	nm0191906	actor	\N	"[""Dakota Duke"",""Saddlesore Scorpion"",""Skull Duggery""]"	https://image.tmdb.org/t/p/{width_variable}/c0sQPRCM5Ri3F4gVyxPr4AcPmIq.jpg
tt090780	2	nm0071818	actor	\N	"[""Cowlarado Kid""]"	https://image.tmdb.org/t/p/{width_variable}/6Fq3Q1e0Oz0j2J2fnFSl7fKCHd9.jpg
tt090780	3	nm0137627	actress	\N	"[""Additional Voices""]"	https://image.tmdb.org/t/p/{width_variable}/aSthDn8AHUxZPBYgqEbXmJRYqKw.jpg
tt090780	4	nm0000347	actor	\N	"[""Barney Finkleberg""]"	https://image.tmdb.org/t/p/{width_variable}/8ZsGg3N3OZgxshqLOtA2kl5ckOP.jpg
tt090780	5	nm0355703	director	\N	\N	\N
tt090780	6	nm0461298	director	\N	\N	\N
tt090780	7	nm5890366	director	\N	\N	\N
tt090780	8	nm4481722	writer	creator	\N	\N
tt090780	9	nm0504327	writer	teleplay	\N	\N
tt090785	10	nm0255860	production_designer	\N	\N	\N
tt090785	1	nm0371824	actor	\N	"[""Peter Macari""]"	https://image.tmdb.org/t/p/{width_variable}/4YoZ8aRnDObtxZ9VFvRhunkG1Ha.jpg
tt090785	2	nm0050482	actor	\N	"[""Captain Richie""]"	https://image.tmdb.org/t/p/{width_variable}/jIKae3BQSyZ1IKdsHc7eT2IPYDy.jpg
tt090785	3	nm0292420	actor	\N	"[""Captain Howson""]"	\N
tt090785	4	nm0452352	actor	\N	"[""Ray Poynting""]"	https://image.tmdb.org/t/p/{width_variable}/oYzrvpDwYrraj469Sfo9Jrk6L0D.jpg
tt090785	5	nm0382956	director	\N	\N	https://image.tmdb.org/t/p/{width_variable}/xJWGoZpqFQodfLuiltknFfOdpV8.jpg
tt090785	6	nm0421256	writer	written by	\N	\N
tt090785	7	nm0019908	composer	\N	\N	\N
tt090785	8	nm0801005	cinematographer	\N	\N	\N
tt090785	9	nm0699114	editor	\N	\N	\N
tt090869	1	nm0821564	actor	\N	\N	\N
tt090869	2	nm0874252	actor	\N	\N	\N
tt090869	3	nm2426375	actor	\N	\N	\N
tt090869	4	nm0759757	actor	\N	\N	https://image.tmdb.org/t/p/{width_variable}/lJsoZtOeNaer5jZSydSjONL32xp.jpg
tt090869	5	nm0173065	director	\N	\N	\N
tt090869	6	nm2419918	writer	\N	\N	\N
tt090869	7	nm1648673	writer	\N	\N	\N
tt090869	8	nm2139781	composer	\N	\N	\N
tt090869	9	nm2425907	editor	\N	\N	\N
tt091490	1	nm1293725	self	\N	"[""Self""]"	\N
tt091490	2	nm0599806	self	\N	"[""Self""]"	\N
tt091490	3	nm2616328	self	\N	"[""Self""]"	\N
tt091490	4	nm0014411	director	\N	\N	https://image.tmdb.org/t/p/{width_variable}/rRs0dXKPDBa8dOFa65nKutgfdU6.jpg
tt091899	10	nm1024700	cinematographer	\N	\N	\N
tt091899	1	nm0069683	actress	\N	"[""Glória Campos""]"	https://image.tmdb.org/t/p/{width_variable}/3hHhuMyEUEy9iEYeLz15Cq8f9UA.jpg
tt091899	2	nm0135629	actor	\N	"[""Álvaro Aguiar"",""Anjo""]"	https://image.tmdb.org/t/p/{width_variable}/jSiooyHkI3GeVqqALRN7m5ZCT4F.jpg
tt091899	3	nm0537345	actor	\N	"[""Guido Falcone""]"	https://image.tmdb.org/t/p/{width_variable}/tc5lU1RvzIZmxERqDK2BP0gZyY4.jpg
tt091899	4	nm0263083	actress	\N	"[""Madame Ming""]"	https://image.tmdb.org/t/p/{width_variable}/kLTVQhe8VavWaBWWu3hl1lmNFaJ.jpg
tt091899	5	nm0136642	director	\N	\N	https://image.tmdb.org/t/p/{width_variable}/tlbS7GHffmjVHEGYWh7kCLOwd76.jpg
tt091899	6	nm0524521	writer	\N	\N	https://image.tmdb.org/t/p/{width_variable}/isBkqurNZuz2k18lFxvfQ80EwUp.jpg
tt091899	7	nm1911366	producer	producer	\N	\N
tt091899	8	nm0575381	composer	\N	\N	\N
tt091899	9	nm0763444	composer	\N	\N	\N
tt092024	10	nm0122214	production_designer	\N	\N	\N
tt092024	1	nm0601377	actor	\N	"[""Carlos""]"	https://image.tmdb.org/t/p/{width_variable}/qKZisM9TgkqQwepffcUayQkzFOy.jpg
tt092024	2	nm0893941	actress	\N	"[""Viernes""]"	https://image.tmdb.org/t/p/{width_variable}/5ml5J9yDEV6ZLkinkS7vAHfE882.jpg
tt092024	3	nm0891892	actress	\N	"[""Rosa""]"	https://image.tmdb.org/t/p/{width_variable}/h1AMRj3mQrLorgNEk4ZkLFLyrRy.jpg
tt092024	4	nm0385860	actor	\N	"[""Luis""]"	https://image.tmdb.org/t/p/{width_variable}/mL2XDG2c3hXyJUmmlE03OoKreMY.jpg
tt092024	5	nm0002797	director	\N	\N	\N
tt092024	6	nm0260358	producer	producer	\N	\N
tt092024	7	nm0407076	composer	\N	\N	https://image.tmdb.org/t/p/{width_variable}/rCmxMuBdpvQttspXRlSHZbDNDn0.jpg
tt092024	8	nm0013761	cinematographer	\N	\N	https://image.tmdb.org/t/p/{width_variable}/5KUDE1mJ9X6o8Gu9PAPHXDTuDIt.jpg
tt092024	9	nm0084613	editor	\N	\N	\N
tt092507	10	nm0311677	actress	\N	\N	https://image.tmdb.org/t/p/{width_variable}/lSLF837hWXPWAvMAmO157113r4j.jpg
tt092507	1	nm0482320	actor	\N	"[""Hari"",""Hari Annan""]"	https://image.tmdb.org/t/p/{width_variable}/wvoBULQimwguAGPOHZ8TDoy7jBJ.jpg
tt092507	2	nm0788152	actor	\N	"[""Shekhar""]"	https://image.tmdb.org/t/p/{width_variable}/jXzOywcBqsYiGyXXUiEh8btka4P.jpg
tt092507	3	nm11868367	actor	\N	\N	\N
tt092507	4	nm0025618	actor	\N	"[""Amar Bakhia""]"	https://image.tmdb.org/t/p/{width_variable}/gu7cZrkuglW5IY9pTcRaSCgaTbz.jpg
tt092507	5	nm0698184	director	\N	\N	https://image.tmdb.org/t/p/{width_variable}/gBaSTf0XL0mKj0iYZcYix4OTMyG.jpg
tt092507	6	nm0845785	writer	screenplay	\N	\N
tt092507	7	nm2088678	producer	producer	\N	\N
tt092507	8	nm1019477	cinematographer	\N	\N	\N
tt092507	9	nm0474870	cinematographer	\N	\N	\N
tt092589	10	nm0202317	editor	\N	\N	\N
tt092589	1	nm0321557	actress	\N	"[""Sonia"",""Lucille""]"	https://image.tmdb.org/t/p/{width_variable}/12Bx8nq3A72ZlpkrHdIUnZdUVS5.jpg
tt092589	2	nm0391218	actor	\N	"[""Ivan"",""Fyodor""]"	https://image.tmdb.org/t/p/{width_variable}/wfujtsSzR7NY4R0V2t0lFMl0UE1.jpg
tt092589	3	nm0860651	actor	\N	"[""Doc Wop Group (Doo Wop Group?)""]"	\N
tt092589	4	nm0791829	actor	\N	"[""Doc Wop Group (Doo Wop Group?)""]"	\N
tt092589	5	nm0434854	director	\N	\N	https://image.tmdb.org/t/p/{width_variable}/o876keswb6pAaxMJYcUORFqG3Ce.jpg
tt092589	6	nm0853339	producer	producer	\N	\N
tt092589	7	nm0881673	composer	\N	\N	\N
tt092589	8	nm0237170	cinematographer	\N	\N	\N
tt092589	9	nm0273113	cinematographer	\N	\N	\N
tt092926	1	nm0573712	actor	\N	"[""Mic""]"	\N
tt092926	2	nm0573708	actor	\N	"[""Martin""]"	\N
tt092926	3	nm2439686	actor	\N	"[""Jake""]"	\N
tt092926	4	nm3961708	actor	\N	"[""Fat Man""]"	\N
tt092926	5	nm0927475	director	\N	\N	\N
tt092926	6	nm0125215	composer	\N	\N	\N
tt092926	7	nm3961818	composer	\N	\N	\N
tt092926	8	nm0242466	cinematographer	director of photography	\N	\N
tt092984	10	nm0302694	production_designer	\N	\N	\N
tt092984	1	nm0654843	actor	\N	"[""Faustino Monegros""]"	https://image.tmdb.org/t/p/{width_variable}/2EMFCy8s87hWd8N3YiPT0InNWWf.jpg
tt092984	2	nm0174290	actor	\N	"[""Abelardo""]"	https://image.tmdb.org/t/p/{width_variable}/7ghXARjthyX8Yj6mxRpGEBe2IjY.jpg
tt092984	3	nm0713999	actor	\N	"[""Miguel""]"	\N
tt092984	4	nm0953623	actress	\N	"[""Rafaela""]"	https://image.tmdb.org/t/p/{width_variable}/g8CFYonhRK8NAa18EesbVx4ecwS.jpg
tt092984	5	nm0654839	director	\N	\N	https://image.tmdb.org/t/p/{width_variable}/s66SfAYU3kdGPhnoPWYNNsKC4mV.jpg
tt092984	6	nm0143107	producer	producer	\N	\N
tt092984	7	nm0305862	composer	\N	\N	\N
tt092984	8	nm0558293	cinematographer	\N	\N	\N
tt092984	9	nm0737932	editor	\N	\N	\N
tt093061	1	nm0338598	director	\N	\N	\N
tt093061	2	nm0877175	producer	producer	\N	\N
tt093061	3	nm0276279	composer	\N	\N	\N
tt093061	4	nm0276281	composer	\N	\N	\N
tt093061	5	nm0356962	cinematographer	\N	\N	\N
tt093061	6	nm0365948	editor	\N	\N	\N
tt093081	1	nm0343276	director	\N	\N	\N
tt093081	2	nm0591036	cinematographer	\N	\N	\N
tt093099	1	nm0732550	self	\N	"[""Self - Interviewer""]"	\N
tt093099	2	nm0520485	director	\N	\N	https://image.tmdb.org/t/p/{width_variable}/kdEoMT0zH0PRgBByTdpEd88v3oi.jpg
tt093099	3	nm0612455	producer	producer	\N	\N
tt093099	4	nm0715428	cinematographer	\N	\N	\N
tt093099	5	nm0725725	cinematographer	\N	\N	\N
tt093099	6	nm2766240	cinematographer	\N	\N	\N
tt093099	7	nm0819862	cinematographer	\N	\N	https://image.tmdb.org/t/p/{width_variable}/zVeJRzQaIvENbOUbhMgP4DkgK7W.jpg
tt093099	8	nm0257855	editor	\N	\N	\N
tt093099	9	nm0942647	production_designer	\N	\N	\N
tt093210	10	nm0621551	actress	\N	"[""doña Cuca""]"	\N
tt093210	1	nm0006842	actor	\N	"[""don Pedro de Limantour""]"	https://image.tmdb.org/t/p/{width_variable}/vC7pjqqLfQRNhvZxKqdcTyOSHIP.jpg
tt093210	2	nm0274713	actress	\N	"[""Chabelita (Isabel Freiman)""]"	https://image.tmdb.org/t/p/{width_variable}/9y0YEE0gdR0DQNd7m69XQWfWNi5.jpg
tt093210	3	nm0622179	actor	\N	"[""Pepe 'El Tuercas'""]"	\N
tt093210	4	nm0745495	actor	\N	"[""Sr. Rotzinger""]"	https://image.tmdb.org/t/p/{width_variable}/ekJP17aPbfnAIWTewsjbf2qGTY9.jpg
tt093210	5	nm0244471	director	\N	\N	\N
tt093210	6	nm0972819	writer	story	\N	\N
tt093210	7	nm0033517	composer	\N	\N	\N
tt093210	8	nm0749694	cinematographer	\N	\N	\N
tt093210	9	nm0306187	editor	\N	\N	\N
tt093211	1	nm2032474	actor	\N	"[""Young man""]"	\N
tt093211	2	nm0285970	actor	\N	"[""Nailhead""]"	\N
tt093211	3	nm2027528	actress	\N	"[""Young Woman""]"	\N
tt093211	4	nm0366594	director	\N	\N	\N
tt093211	5	nm0713818	cinematographer	\N	\N	\N
tt093211	6	nm0343149	editor	\N	\N	\N
tt093309	10	nm0150971	editor	\N	\N	\N
tt093309	1	nm0482580	actor	\N	"[""Master Gau""]"	https://image.tmdb.org/t/p/{width_variable}/3G7ftUMJeFHaxxcCZ9gBRtd84Tg.jpg
tt093309	2	nm0157785	actor	\N	"[""Chou Sheng""]"	https://image.tmdb.org/t/p/{width_variable}/6Xs2S8kF3pwDLXDmik02BwEmeCR.jpg
tt093309	3	nm0939309	actor	\N	"[""Man Choi""]"	https://image.tmdb.org/t/p/{width_variable}/j6RN57GPxZ6DVjE3m1WFg4yjRsp.jpg
tt093309	4	nm0628731	actress	\N	"[""Lai""]"	https://image.tmdb.org/t/p/{width_variable}/qLyGOZWhRCntGJDNYH9YErfPqec.jpg
tt093309	5	nm0490487	director	\N	\N	https://image.tmdb.org/t/p/{width_variable}/jeOcDd8zWKc4nYk9MvRS3FKzuc2.jpg
tt093309	6	nm5071994	writer	screenplay	\N	\N
tt093309	7	nm5071242	producer	producer	\N	\N
tt093309	8	nm0399065	producer	producer	\N	\N
tt093309	9	nm0150888	composer	\N	\N	\N
tt093508	10	nm0600120	actor	\N	"[""Cambrer""]"	https://image.tmdb.org/t/p/{width_variable}/8Mtaz2XE5udIJHbbXRCjgIHgYbV.jpg
tt093508	1	nm0596757	actress	\N	"[""Maite""]"	https://image.tmdb.org/t/p/{width_variable}/gZEuPMghIsJDqobYknErEpMHKtr.jpg
tt093508	2	nm0839955	actor	\N	"[""Ferran""]"	\N
tt093508	3	nm0673822	actor	\N	"[""Xavi""]"	\N
tt093508	4	nm0127923	actress	\N	"[""Magda""]"	https://image.tmdb.org/t/p/{width_variable}/pJiMw8sbMlvBJDfxMwSQXaiyUeP.jpg
tt093508	5	nm0063181	director	\N	\N	\N
tt093508	6	nm0900292	composer	\N	\N	https://image.tmdb.org/t/p/{width_variable}/3BMKbtWmR6w3wAYiitYQuzjv2jD.jpg
tt093508	7	nm0348873	cinematographer	\N	\N	https://image.tmdb.org/t/p/{width_variable}/fHTMOW6rPeDgJyCO564BoJbc3xJ.jpg
tt093508	8	nm0785565	actress	\N	"[""Mare""]"	https://image.tmdb.org/t/p/{width_variable}/3eVHZ5gieSxNYUJRXaYLDaljDQO.jpg
tt093508	9	nm0109131	actor	\N	"[""Pare""]"	https://image.tmdb.org/t/p/{width_variable}/1aY1H8d0jNo8W0TlXDNySea6iJ3.jpg
tt093572	10	nm15000143	editor	\N	\N	\N
tt093572	1	nm0001789	archive_footage	\N	"[""Self""]"	https://image.tmdb.org/t/p/{width_variable}/j0toVLrgLNuyGnUxGPnSfnPiSf5.jpg
tt093572	2	nm0346096	archive_footage	\N	"[""Self""]"	https://image.tmdb.org/t/p/{width_variable}/5fO9Jrbnp0LbvVisSXhLJiVvxaL.jpg
tt093572	3	nm0812546	actor	\N	"[""Narrator""]"	https://image.tmdb.org/t/p/{width_variable}/oNLxLidA1BOuZ7OyQcQXWKcl4E0.jpg
tt093572	4	nm0122972	cinematographer	\N	\N	https://image.tmdb.org/t/p/{width_variable}/zUpIrX9VoCiGSxALRaSn2sGROv.jpg
tt093572	5	nm0469945	cinematographer	\N	\N	\N
tt093572	6	nm0619672	cinematographer	\N	\N	https://image.tmdb.org/t/p/{width_variable}/isUNoboWLs4Y1ynKzEWBCR17IGj.jpg
tt093572	7	nm0069460	editor	\N	\N	\N
tt093572	8	nm0270828	editor	\N	\N	https://image.tmdb.org/t/p/{width_variable}/RKVyuvv5ZqGf9rjIkRWepJywcy.jpg
tt093572	9	nm0783978	editor	\N	\N	\N
tt093646	10	nm0661081	editor	\N	\N	\N
tt093646	1	nm0631741	actor	\N	"[""Bookseller""]"	https://image.tmdb.org/t/p/{width_variable}/mNiyD3BOzWba4CB0VTbIqA4EAVm.jpg
tt093646	2	nm0798071	actress	\N	"[""Bookseller's Wife""]"	\N
tt093646	3	nm0750234	actor	\N	"[""Wife's Lover""]"	https://image.tmdb.org/t/p/{width_variable}/ziUmk1J1QVaZBGIChkilzSougpG.jpg
tt093646	4	nm2963810	actress	\N	"[""Girl""]"	\N
tt093646	5	nm0657722	director	\N	\N	https://image.tmdb.org/t/p/{width_variable}/z957TIA2oy1egLF0iw8oqHcwrbU.jpg
tt093646	6	nm0382175	producer	producer	\N	\N
tt093646	7	nm1531811	composer	\N	\N	\N
tt093646	8	nm4615814	composer	\N	\N	\N
tt093646	9	nm0386744	cinematographer	\N	\N	\N
tt093989	10	nm8989506	actor	\N	\N	\N
tt093989	1	nm1253795	actor	\N	\N	\N
tt093989	2	nm8990093	actor	\N	\N	\N
tt093989	3	nm2083556	actor	\N	\N	https://image.tmdb.org/t/p/{width_variable}/aqxa9aRrGOIiIcia0Vb3ErvXz4e.jpg
tt093989	4	nm3854432	actor	\N	\N	\N
tt093989	5	nm0151653	director	\N	\N	https://image.tmdb.org/t/p/{width_variable}/hMNZmmw1LjIqf0SCDaPeYf5XuH7.jpg
tt093989	6	nm0482697	composer	\N	\N	\N
tt093989	7	nm0155408	cinematographer	\N	\N	\N
tt093989	8	nm1254456	actor	\N	\N	https://image.tmdb.org/t/p/{width_variable}/vruCZJPtqdhlgEMh7ArH3LtQ97w.jpg
tt093989	9	nm0191280	actor	\N	\N	\N
tt094004	10	nm0812424	actress	\N	\N	\N
tt094004	1	nm0338715	actor	\N	"[""Vincent Miles"",""Johnny Hondo""]"	https://image.tmdb.org/t/p/{width_variable}/fQFvA1ksyWXiBBmSuKkgbBGvqZv.jpg
tt094004	2	nm0857163	actor	\N	"[""Professor Rossi""]"	\N
tt094004	3	nm0314789	actress	\N	"[""Hamlulu""]"	https://image.tmdb.org/t/p/{width_variable}/qAYu5GkO6myRkoIzE50ADqw9N08.jpg
tt094004	4	nm0490270	actress	\N	"[""Lucy""]"	\N
tt094004	5	nm0162717	director	\N	\N	\N
tt094004	6	nm0332417	writer	\N	\N	https://image.tmdb.org/t/p/{width_variable}/xeyu6lv0DT3LBZOPCx7IvkXGPPW.jpg
tt094004	7	nm0689273	composer	\N	\N	\N
tt094004	8	nm0510156	cinematographer	\N	\N	\N
tt094004	9	nm0229302	actor	\N	"[""Zilinsky""]"	\N
tt094376	10	nm0473322	actor	\N	"[""The General""]"	\N
tt094376	1	nm0451195	actress	\N	"[""Inspector Yang Lei-Ching""]"	https://image.tmdb.org/t/p/{width_variable}/idcO9jXOyTZTz6bqnTLAynsHq4T.jpg
tt094376	2	nm0628747	actor	\N	"[""David Ng""]"	https://image.tmdb.org/t/p/{width_variable}/dEytnOnVDM1J7Nm9s4x2M1kgM24.jpg
tt094376	3	nm0465020	actress	\N	"[""May""]"	https://image.tmdb.org/t/p/{width_variable}/96pcgW1IxSCXyHwmghrdow6SVbn.jpg
tt094376	4	nm0516316	actor	\N	"[""Alan's Godfather""]"	https://image.tmdb.org/t/p/{width_variable}/cUZZlI9m1JnxmCvOWDtDu5hqO3p.jpg
tt094376	5	nm0149216	director	\N	\N	\N
tt094376	6	nm0504945	writer	\N	\N	https://image.tmdb.org/t/p/{width_variable}/te6jAYP1AO57muFDtmxjoBZTFgh.jpg
tt094376	7	nm0948137	writer	\N	\N	\N
tt094376	8	nm3575227	writer	\N	\N	\N
tt094376	9	nm0793812	producer	producer	\N	https://image.tmdb.org/t/p/{width_variable}/8eN3Oe0R1JXHNhastQvmWupeE6V.jpg
tt094390	1	nm0803393	director	\N	\N	\N
tt094609	10	nm0369483	cinematographer	\N	\N	\N
tt094609	1	nm0484577	actress	\N	\N	\N
tt094609	2	nm0486222	actor	\N	\N	\N
tt094609	3	nm0644389	actor	\N	\N	\N
tt094609	4	nm0912235	actress	\N	\N	\N
tt094609	5	nm0834484	director	\N	\N	\N
tt094609	6	nm0894132	director	\N	\N	\N
tt094609	7	nm0765680	writer	writer	\N	\N
tt094609	8	nm0060163	composer	\N	\N	\N
tt094609	9	nm0627143	composer	\N	\N	\N
tt094666	10	nm0523835	composer	\N	\N	\N
tt094666	1	nm0001698	actor	\N	"[""Leon Abrahams""]"	https://image.tmdb.org/t/p/{width_variable}/exzL5D7RSnIepF9FsFlzCs248he.jpg
tt094666	2	nm0382676	actor	\N	"[""Erich Schiller"",""Ernst Bauricke""]"	https://image.tmdb.org/t/p/{width_variable}/oPPyHJKJceliMLk8S8ldjuDg6V5.jpg
tt094666	3	nm0000214	actress	\N	"[""Gerlind""]"	https://image.tmdb.org/t/p/{width_variable}/rKCSuOn8w5ci1p7bbZJtKBTuWei.jpg
tt094666	4	nm0503627	actor	\N	"[""Herb Denner""]"	https://image.tmdb.org/t/p/{width_variable}/2b1PLnbBU1zdz06AXNGSAo226Is.jpg
tt094666	5	nm0165965	director	\N	\N	https://image.tmdb.org/t/p/{width_variable}/7BHT2jkXr1Vzq5csNhGLabv6WuS.jpg
tt094666	6	nm0747047	writer	\N	\N	\N
tt094666	7	nm5165310	writer	\N	\N	\N
tt094666	8	nm0439263	producer	producer	\N	\N
tt094666	9	nm0626618	producer	producer	\N	\N
tt094688	10	nm9861436	production_designer	\N	\N	\N
tt094688	1	nm0045557	actor	\N	"[""Leo""]"	\N
tt094688	2	nm0220338	actress	\N	"[""Janou""]"	\N
tt094688	3	nm0874820	actor	\N	"[""Milos""]"	https://image.tmdb.org/t/p/{width_variable}/nhfuwwQyB3u2q4MvyZPV2f0Ti1I.jpg
tt094688	4	nm0917601	actress	\N	"[""Clara""]"	\N
tt094688	5	nm0453993	director	\N	\N	\N
tt094688	6	nm9861435	composer	\N	\N	\N
tt094688	7	nm0632927	composer	\N	\N	\N
tt094688	8	nm0459479	cinematographer	\N	\N	\N
tt094688	9	nm0104593	editor	\N	\N	\N
tt094808	10	nm0080514	editor	\N	\N	\N
tt094808	1	nm0921201	actor	\N	"[""Peter Thaler""]"	https://image.tmdb.org/t/p/{width_variable}/yiuMRWuUMZhqtDLGLwG2qPt8ubv.jpg
tt094808	2	nm0921202	actor	\N	"[""Christoph Thaler""]"	https://image.tmdb.org/t/p/{width_variable}/fhdJ20v0xpFo2yF0TFDsyNk53kA.jpg
tt094808	3	nm0746931	actress	\N	"[""Katja Thaler""]"	https://image.tmdb.org/t/p/{width_variable}/6EYAUlGUKlREpKdjpr8U2rslz3U.jpg
tt094808	4	nm0369613	actress	\N	"[""Marie Luise Thaler""]"	https://image.tmdb.org/t/p/{width_variable}/fIbOxJvJzfeNgADjQUw1KVrIR0l.jpg
tt094808	5	nm0034776	director	\N	\N	\N
tt094808	6	nm0399560	writer	\N	\N	\N
tt094808	7	nm0871634	producer	producer	\N	\N
tt094808	8	nm0486295	composer	\N	\N	\N
tt094808	9	nm0374734	cinematographer	\N	\N	\N
tt094841	10	nm0345410	composer	\N	\N	\N
tt094841	1	nm0862026	actress	\N	"[""Adelina""]"	https://image.tmdb.org/t/p/{width_variable}/cWsyYGuSsoXSx2y50pgbzb8sqZY.jpg
tt094841	2	nm0750874	actor	\N	"[""Andrea""]"	\N
tt094841	3	nm0134073	actor	\N	"[""Avvocato""]"	https://image.tmdb.org/t/p/{width_variable}/qKTBcs4UEwBhZIeYBpVcDjZVJKg.jpg
tt094841	4	nm0298553	actress	\N	"[""Sister of Nunzia""]"	\N
tt094841	5	nm0274659	director	\N	\N	https://image.tmdb.org/t/p/{width_variable}/afP3Hk6ys05jqh33q8nrmkELpZz.jpg
tt094841	6	nm0079342	writer	\N	\N	\N
tt094841	7	nm0547739	writer	\N	\N	\N
tt094841	8	nm0131840	producer	producer	\N	\N
tt094841	9	nm0738603	producer	producer	\N	\N
tt094857	10	nm3450442	actor	\N	\N	\N
tt094857	1	nm0008027	actor	\N	"[""Mr. Ko's Man""]"	https://image.tmdb.org/t/p/{width_variable}/4cAZFRDSzawIF3iEWvEwlWQS3b9.jpg
tt094857	2	nm0155455	actress	\N	"[""Yan Yan""]"	https://image.tmdb.org/t/p/{width_variable}/9jo2gLFVOUWVyOLMhWCv7mkQkpO.jpg
tt094857	3	nm1357132	actor	\N	"[""Small Devil""]"	\N
tt094857	4	nm0156509	actor	\N	"[""Billy""]"	\N
tt094857	5	nm0436326	director	\N	\N	\N
tt094857	6	nm2189141	writer	writer	\N	\N
tt094857	7	nm2722913	producer	producer	\N	\N
tt094857	8	nm0398871	composer	\N	\N	\N
tt094857	9	nm0150995	editor	\N	\N	\N
tt094874	10	nm1133247	editor	\N	\N	\N
tt094874	1	nm0161165	actor	\N	"[""Fat Constable""]"	https://image.tmdb.org/t/p/{width_variable}/JIDntwtQMapDsxaWAXzjluizre.jpg
tt094874	2	nm0514961	actor	\N	"[""Thin Constable""]"	https://image.tmdb.org/t/p/{width_variable}/tOqH5blJzabTfM9dk6EWQ6uIDz7.jpg
tt094874	3	nm2843375	actress	\N	"[""Jackie""]"	\N
tt094874	4	nm4914110	actress	\N	"[""Chu""]"	\N
tt094874	5	nm0504945	writer	story	\N	https://image.tmdb.org/t/p/{width_variable}/te6jAYP1AO57muFDtmxjoBZTFgh.jpg
tt094874	6	nm0906412	writer	story	\N	\N
tt094874	7	nm4827892	producer	producer	\N	\N
tt094874	8	nm0399077	composer	\N	\N	\N
tt094874	9	nm0155624	cinematographer	\N	\N	\N
tt094900	10	nm0452006	cinematographer	director of photography	\N	\N
tt094900	1	nm0642198	actress	\N	"[""Susan Manning""]"	https://image.tmdb.org/t/p/{width_variable}/Ab54gxbGcOntZBXWEvsTvIxpCRk.jpg
tt094900	2	nm0001233	actor	\N	"[""Dr. Desmond Moore""]"	https://image.tmdb.org/t/p/{width_variable}/8OiwipCStS3HyfIm7h7qwEEqIaF.jpg
tt094900	3	nm0934750	actor	\N	"[""Dr. Magnus Quilly""]"	https://image.tmdb.org/t/p/{width_variable}/jLKGf2gQR4cBDnUWFOsXY2y5Pui.jpg
tt094900	4	nm0657676	actor	\N	"[""Ronnie""]"	https://image.tmdb.org/t/p/{width_variable}/fubW9N6y8pt3ERpQ1GUTvrH7SW7.jpg
tt094900	5	nm0505415	director	\N	\N	\N
tt094900	6	nm0165235	writer	"novel ""Clock and Bell"""	\N	\N
tt094900	7	nm0489911	writer	screenplay	\N	\N
tt094900	8	nm0556893	writer	screenplay	\N	\N
tt094900	9	nm0024851	producer	producer	\N	https://image.tmdb.org/t/p/{width_variable}/vd7icijU2Ud0uYnACLEiiuG6nic.jpg
tt094926	10	nm0820085	composer	\N	\N	https://image.tmdb.org/t/p/{width_variable}/jaDV1KG0h8DmkoLl59H8S51QzV0.jpg
tt094926	1	nm0662321	actor	\N	"[""Luke Ward""]"	https://image.tmdb.org/t/p/{width_variable}/hQeGaeTGATTDFDvC13FFnHruV2c.jpg
tt094926	2	nm0722407	actress	\N	"[""Vickie Phillips""]"	https://image.tmdb.org/t/p/{width_variable}/sqLHvm1kKfIn17RZDgzNVrhNrvK.jpg
tt094926	3	nm0485485	actor	\N	"[""Hashim""]"	https://image.tmdb.org/t/p/{width_variable}/ajc0634lUSwTJDwaZbCrcOZJFHe.jpg
tt094926	4	nm0792807	actor	\N	"[""Emilio Ferrari""]"	https://image.tmdb.org/t/p/{width_variable}/ta8wTqsJqjq1arf4h83wTXB87f6.jpg
tt094926	5	nm0868149	director	\N	\N	\N
tt094926	6	nm0029482	writer	\N	\N	\N
tt094926	7	nm10003119	producer	producer	\N	\N
tt094926	8	nm0809306	producer	producer	\N	\N
tt094926	9	nm0738755	composer	\N	\N	\N
tt094997	10	nm0161962	cinematographer	\N	\N	\N
tt094997	1	nm0357020	actor	\N	"[""Professor Paul Evans""]"	https://image.tmdb.org/t/p/{width_variable}/mPfkWXhMJTiNEOAGVBNxngM9YW9.jpg
tt094997	2	nm0716657	actress	\N	"[""Liza Harris""]"	https://image.tmdb.org/t/p/{width_variable}/pLtPqtoRE5JIrECW7tITtk8fTDv.jpg
tt094997	3	nm0758031	actor	\N	"[""Turi DeSimone""]"	https://image.tmdb.org/t/p/{width_variable}/fyf6k9wdtXLCER2HWRw4IYcwt8u.jpg
tt094997	4	nm0257211	actress	\N	"[""Susie""]"	https://image.tmdb.org/t/p/{width_variable}/mzURZRC32JHvhaLwnY1lYmopKWD.jpg
tt094997	5	nm0002086	director	\N	\N	https://image.tmdb.org/t/p/{width_variable}/wpkbGp2A6HYpH2QZqI9WRSnzxUy.jpg
tt094997	6	nm0716701	writer	screenplay	\N	\N
tt094997	7	nm0855193	writer	story	\N	\N
tt094997	8	nm0816627	producer	producer	\N	\N
tt094997	9	nm0188099	composer	\N	\N	\N
tt095006	10	nm0872740	editor	\N	\N	\N
tt095006	1	nm0064586	actress	\N	"[""Siska Torot""]"	https://image.tmdb.org/t/p/{width_variable}/eKKH2HLAOvFC2qO4A1A0avaz4S4.jpg
tt095006	2	nm0101208	actor	\N	"[""Tom Berto""]"	https://image.tmdb.org/t/p/{width_variable}/tHEkr21iYLUgoNaQQKPE4xtmAmg.jpg
tt095006	3	nm0193632	actress	\N	"[""Maria Turot""]"	\N
tt095006	4	nm0122780	actor	\N	"[""Reynold Turot""]"	\N
tt095006	5	nm0560489	director	\N	\N	https://image.tmdb.org/t/p/{width_variable}/21uxBIiD6zWKOHkrf8jOS8aWbMX.jpg
tt095006	6	nm0396215	writer	story	\N	\N
tt095006	7	nm0750099	writer	\N	\N	\N
tt095006	8	nm0434064	composer	\N	\N	\N
tt095006	9	nm0005830	cinematographer	\N	\N	\N
tt095095	10	nm0909079	editor	\N	\N	\N
tt095095	1	nm0810342	actor	\N	"[""Fitz""]"	https://image.tmdb.org/t/p/{width_variable}/2gnGtzAlNP3sg2s3ACQMTK6PDQq.jpg
tt095095	2	nm1089443	actor	\N	"[""Tony""]"	\N
tt095095	3	nm0304395	actor	\N	"[""George""]"	\N
tt095095	4	nm0236846	actor	\N	"[""Roman""]"	\N
tt095095	5	nm0580726	director	\N	\N	https://image.tmdb.org/t/p/{width_variable}/xZfLMVquLJyFdogGnTzQqoqQ1J0.jpg
tt095095	6	nm0201976	writer	\N	\N	\N
tt095095	7	nm0160614	producer	producer	\N	\N
tt095095	8	nm0327714	composer	\N	\N	\N
tt095095	9	nm0901441	editor	\N	\N	\N
tt095102	10	nm2237998	actor	\N	"[""Shop clerk""]"	\N
tt095102	1	nm1110912	actor	\N	\N	https://image.tmdb.org/t/p/{width_variable}/5PKTT0o0Sbkuo2m2I9iooOALYug.jpg
tt095102	2	nm2682434	actor	\N	"[""Robber""]"	\N
tt095102	3	nm0473923	actor	\N	"[""Shop clerk""]"	\N
tt095102	4	nm1062273	actor	\N	"[""Guard""]"	\N
tt095102	5	nm0461921	director	\N	\N	\N
tt095102	6	nm11294013	writer	\N	\N	\N
tt095102	7	nm0409682	writer	story	\N	\N
tt095102	8	nm0492401	actress	\N	\N	\N
tt095102	9	nm0518067	actor	\N	\N	\N
tt095111	10	nm0618591	actress	\N	"[""Sakina""]"	\N
tt095111	1	nm0952304	actor	\N	"[""Montaser""]"	https://image.tmdb.org/t/p/{width_variable}/nEJQTsgWDh1aXQLFsWkXOAv7hD4.jpg
tt095111	2	nm1507045	actress	\N	"[""Sabah""]"	https://image.tmdb.org/t/p/{width_variable}/ymiqUiUibhbed7L1i5pNxTcTwBQ.jpg
tt095111	3	nm1193571	actor	\N	\N	https://image.tmdb.org/t/p/{width_variable}/dlpv6csuikKoRAhOQQEdkvmZwUX.jpg
tt095111	4	nm0264364	actor	\N	"[""Ismail""]"	https://image.tmdb.org/t/p/{width_variable}/iVUhTgrfVe85iHUG7SUe198JEnT.jpg
tt095111	5	nm0246986	director	\N	\N	https://image.tmdb.org/t/p/{width_variable}/458XxnBcoVEGGqGVpKxCE2xuYgO.jpg
tt095111	6	nm1052596	actor	\N	"[""Qenawi""]"	https://image.tmdb.org/t/p/{width_variable}/duDDRRuYjC3qvabxA4w1e1y7g6R.jpg
tt095111	7	nm0396069	actor	\N	\N	https://image.tmdb.org/t/p/{width_variable}/vMG9Carh5bi18v5unk06aYvvKZw.jpg
tt095111	8	nm1001360	actor	\N	"[""Salem""]"	https://image.tmdb.org/t/p/{width_variable}/w2cdhIH5twu7nhRUq9QmJ23U6wG.jpg
tt095111	9	nm0592804	actor	\N	"[""Amran""]"	\N
tt095147	1	nm0751133	director	\N	\N	\N
tt095147	2	nm0832523	producer	producer	\N	\N
tt095147	3	nm0052346	composer	\N	\N	\N
tt095147	4	nm0366198	composer	\N	\N	\N
tt095147	5	nm0492416	composer	\N	\N	\N
tt095201	10	nm0139141	cinematographer	\N	\N	\N
tt095201	1	nm0324067	actor	\N	"[""Gaspard""]"	https://image.tmdb.org/t/p/{width_variable}/c9ACZyRtPBuTMFU9LmLESeMJR96.jpg
tt095201	2	nm0503201	actor	\N	"[""Claude""]"	https://image.tmdb.org/t/p/{width_variable}/1O3GQgbl409csm6sDXhTERAtM5O.jpg
tt095201	3	nm0589026	actress	\N	"[""Evelyne""]"	https://image.tmdb.org/t/p/{width_variable}/6ieAeovcUOnpiMBRUvrlBD4kEo0.jpg
tt095201	4	nm0894061	actress	\N	"[""Lulu""]"	\N
tt095201	5	nm0479561	director	\N	\N	\N
tt095201	6	nm0698940	writer	writer	\N	\N
tt095201	7	nm0094663	producer	producer	\N	\N
tt095201	8	nm0376241	producer	producer	\N	\N
tt095201	9	nm0488449	composer	\N	\N	\N
tt095229	1	nm0414842	director	\N	\N	\N
tt095229	2	nm1589697	director	\N	\N	\N
tt095290	10	nm2836668	editor	\N	\N	\N
tt095290	1	nm0960013	actress	\N	\N	https://image.tmdb.org/t/p/{width_variable}/76B1cA3EgXbEHBsFJD13Pv4LLrg.jpg
tt095290	2	nm0401192	actress	\N	\N	https://image.tmdb.org/t/p/{width_variable}/6OV9kM62Y7M7EswtkpCThs0QAxg.jpg
tt095290	3	nm0497155	actress	\N	\N	\N
tt095290	4	nm0156902	actress	\N	\N	https://image.tmdb.org/t/p/{width_variable}/60gIKtHtQ1OPnox6EmEcOBg3X5b.jpg
tt095290	5	nm0523701	director	\N	\N	\N
tt095290	6	nm3996252	writer	screenplay	\N	\N
tt095290	7	nm2916996	producer	producer	\N	\N
tt095290	8	nm1303171	composer	\N	\N	\N
tt095290	9	nm1266013	cinematographer	\N	\N	\N
tt095335	10	nm1679159	actor	\N	"[""Stephen""]"	\N
tt095335	1	nm0438071	actor	\N	"[""Li Tian-Sin""]"	https://image.tmdb.org/t/p/{width_variable}/iFLyXbaiFHSerJyizQa2ZwMPMQ8.jpg
tt095335	2	nm0401192	actress	\N	"[""Annie""]"	https://image.tmdb.org/t/p/{width_variable}/6OV9kM62Y7M7EswtkpCThs0QAxg.jpg
tt095335	3	nm0526714	actor	\N	"[""Chen Wei""]"	https://image.tmdb.org/t/p/{width_variable}/pkllOdDN2CGukmyOv2XlzoMAQfC.jpg
tt095335	4	nm1249211	actress	\N	"[""Amy""]"	\N
tt095335	5	nm0266630	director	\N	\N	\N
tt095335	6	nm0266636	writer	\N	\N	\N
tt095335	7	nm0793930	composer	\N	\N	\N
tt095335	8	nm1680675	cinematographer	\N	\N	\N
tt095335	9	nm0972954	actress	\N	"[""Mable""]"	\N
tt095394	10	nm0623438	editor	\N	\N	\N
tt095394	1	nm0181496	actor	\N	"[""Priest Santiago""]"	\N
tt095394	2	nm0749113	actress	\N	"[""Priest's sister""]"	\N
tt095394	3	nm0587405	actor	\N	"[""Spanish conqueror""]"	\N
tt095394	4	nm0246558	actress	\N	\N	\N
tt095394	5	nm0482901	director	\N	\N	\N
tt095394	6	nm9071850	writer	\N	\N	\N
tt095394	7	nm3562914	producer	producer	\N	\N
tt095394	8	nm0309838	composer	\N	\N	\N
tt095394	9	nm0013800	cinematographer	\N	\N	\N
tt095450	10	nm0156906	editor	\N	\N	https://image.tmdb.org/t/p/{width_variable}/oBhxAJ7AR8TVlz9zjEHt9Chw3nc.jpg
tt095450	1	nm0504899	actor	\N	"[""Wang Yisheng""]"	https://image.tmdb.org/t/p/{width_variable}/ksrZeHeEKqPm5GS1IrmJ9WC9sRS.jpg
tt095450	2	nm0762632	actor	\N	"[""Ching""]"	https://image.tmdb.org/t/p/{width_variable}/m07HdRGg2tXS0onuFDYiuZjaa38.jpg
tt095450	3	nm1789975	actress	\N	"[""TV show hostess""]"	\N
tt095450	4	nm0150981	actor	\N	\N	\N
tt095450	5	nm0948021	director	\N	\N	\N
tt095450	6	nm0007139	director	\N	\N	https://image.tmdb.org/t/p/{width_variable}/9WTG1Feva6S7n09dxON40KHBsuk.jpg
tt095450	7	nm0155531	writer	novel	\N	https://image.tmdb.org/t/p/{width_variable}/fh4pIzunFWGi2WBZpeichf05TYv.jpg
tt095450	8	nm1967208	writer	novel	\N	\N
tt095450	9	nm0498474	cinematographer	\N	\N	\N
tt095469	1	nm0151827	actress	\N	\N	https://image.tmdb.org/t/p/{width_variable}/iJumm97qfP9N50uo9CT6Fmc6GnH.jpg
tt095469	2	nm0156875	actor	\N	\N	https://image.tmdb.org/t/p/{width_variable}/zFFZ6iZQtfYD1HONS2AoRBb9e4.jpg
tt095469	3	nm0179532	actress	\N	\N	https://image.tmdb.org/t/p/{width_variable}/4rg3srvLPOImX1rEKr38e0G3u76.jpg
tt095469	4	nm0157805	actress	\N	\N	https://image.tmdb.org/t/p/{width_variable}/eXhTJ8vMsflpvoU4lOWeFTahbVY.jpg
tt095469	5	nm0525475	director	\N	\N	\N
tt095469	6	nm0762632	producer	producer	\N	https://image.tmdb.org/t/p/{width_variable}/m07HdRGg2tXS0onuFDYiuZjaa38.jpg
tt095469	7	nm0516319	actor	\N	\N	\N
tt095469	8	nm0628827	actor	\N	\N	https://image.tmdb.org/t/p/{width_variable}/oEFqGH1vQjRoNlVfZseRMYTzAsY.jpg
tt095469	9	nm0838503	actress	\N	\N	https://image.tmdb.org/t/p/{width_variable}/kBBSrBpD9NcrQJ6AR8gxAqZIvk9.jpg
tt095571	1	nm0026523	actor	\N	\N	\N
tt095571	2	nm0036732	actor	\N	"[""The lover""]"	https://image.tmdb.org/t/p/{width_variable}/11yoRN9kamqEoGXtwGHvaeQMaVX.jpg
tt095571	3	nm0532024	actor	\N	"[""The teacher""]"	https://image.tmdb.org/t/p/{width_variable}/dkkO3T5G6R55JvUsVxCeGYuerZu.jpg
tt095571	4	nm0340742	director	\N	\N	https://image.tmdb.org/t/p/{width_variable}/eFxjwKtUOjRE6lKPIfD7ggZVk7K.jpg
tt095571	5	nm0528508	producer	producer	\N	\N
tt095571	6	nm0770765	composer	\N	\N	\N
tt095571	7	nm0417284	editor	\N	\N	\N
tt095661	1	nm0803446	actor	\N	"[""Viktor""]"	https://image.tmdb.org/t/p/{width_variable}/vULbipbDxOrJvLm2GZwvQvOf6mX.jpg
tt095661	2	nm0755652	actress	\N	"[""Maria""]"	https://image.tmdb.org/t/p/{width_variable}/qmgepp2vRZwD5NayqHGDTnmXAYn.jpg
tt095661	3	nm0296594	actress	\N	"[""Anna""]"	https://image.tmdb.org/t/p/{width_variable}/mLYcrvglYGoPEjwBB5jyUe2ku8e.jpg
tt095661	4	nm0952010	actress	\N	"[""Lisbeth""]"	\N
tt095661	5	nm0266862	director	\N	\N	\N
tt095661	6	nm0076814	writer	\N	\N	https://image.tmdb.org/t/p/{width_variable}/mWrUOnhLSNo36Jf6TyEuYCQYhkf.jpg
tt095661	7	nm0799442	writer	novel	\N	https://image.tmdb.org/t/p/{width_variable}/oxehFO24YpEMhK4YUlL50px6C8v.jpg
tt095661	8	nm0006315	composer	\N	\N	\N
tt095661	9	nm0785381	cinematographer	\N	\N	https://image.tmdb.org/t/p/{width_variable}/ocove8OZVCQOKScZXyCaCKRSEaX.jpg
tt095671	10	nm0098456	production_designer	\N	\N	\N
tt095671	1	nm0252655	actor	\N	"[""Lázaro""]"	https://image.tmdb.org/t/p/{width_variable}/1rh6oWrhBDzKEPfXNDRITWSqddf.jpg
tt095671	2	nm0097427	actor	\N	"[""Gustavo""]"	https://image.tmdb.org/t/p/{width_variable}/2c6z7IC6zRLoNR2cToFQ18E1Sbb.jpg
tt095671	3	nm0643505	actress	\N	"[""Alicia""]"	https://image.tmdb.org/t/p/{width_variable}/vijdstsjRwlMMr9WVX0eG1o0PaO.jpg
tt095671	4	nm0761119	actress	\N	"[""Elena""]"	https://image.tmdb.org/t/p/{width_variable}/r0ZfwtJk17UTH1olNTQVfSKe0lH.jpg
tt095671	5	nm0840779	director	\N	\N	https://image.tmdb.org/t/p/{width_variable}/c7fAwbkLQHtRAoposnuf2rMmeqZ.jpg
tt095671	6	nm0874096	writer	story	\N	https://image.tmdb.org/t/p/{width_variable}/ie3WiHvVWsfvUYVSSlCpnqi1dFw.jpg
tt095671	7	nm0557579	composer	\N	\N	\N
tt095671	8	nm0840757	cinematographer	\N	\N	\N
tt095671	9	nm0297015	editor	\N	\N	\N
tt095672	10	nm0616311	composer	\N	\N	\N
tt095672	1	nm0248364	actor	\N	"[""Juan""]"	https://image.tmdb.org/t/p/{width_variable}/vxmDaQTD6mRFRwXMEtXqovoaPXj.jpg
tt095672	2	nm0761709	actress	\N	"[""Oduwote""]"	\N
tt095672	3	nm0544330	actress	\N	"[""Manolita""]"	https://image.tmdb.org/t/p/{width_variable}/1hMLpxmw3HP6yx6LtH0UgMiFGmA.jpg
tt095672	4	nm0599640	actor	\N	"[""Willy""]"	https://image.tmdb.org/t/p/{width_variable}/8oMHr2NT2yoFd3AsQG93PEXbSBS.jpg
tt095672	5	nm0305869	director	\N	\N	https://image.tmdb.org/t/p/{width_variable}/9c6FrEAVVyEYrWHzJ6wCh37T2QM.jpg
tt095672	6	nm0044156	writer	\N	\N	https://image.tmdb.org/t/p/{width_variable}/lmNHJhGZAClCrw7YH3l6LMkAA0e.jpg
tt095672	7	nm0400152	producer	producer	\N	\N
tt095672	8	nm0554880	producer	producer	\N	\N
tt095672	9	nm0874096	producer	producer	\N	https://image.tmdb.org/t/p/{width_variable}/ie3WiHvVWsfvUYVSSlCpnqi1dFw.jpg
tt095673	10	nm0087261	production_designer	\N	\N	\N
tt095673	1	nm0616385	actor	\N	"[""Gonzalo Ibarrola""]"	\N
tt095673	2	nm0297764	actress	\N	"[""Sakti""]"	\N
tt095673	3	nm0180580	actor	\N	"[""Josecho""]"	https://image.tmdb.org/t/p/{width_variable}/9xo68HzH8n78Xv6gMzKK7XnjtHd.jpg
tt095673	4	nm0303574	actress	\N	"[""Natalie""]"	https://image.tmdb.org/t/p/{width_variable}/9F0Zj2ceDVln5sV29OUdf5niWoZ.jpg
tt095673	5	nm0379449	director	\N	\N	https://image.tmdb.org/t/p/{width_variable}/eMl5tr6ssb0ugo5oPnt3RxG16Qt.jpg
tt095673	6	nm0874096	writer	written by	\N	https://image.tmdb.org/t/p/{width_variable}/ie3WiHvVWsfvUYVSSlCpnqi1dFw.jpg
tt095673	7	nm0005970	composer	\N	\N	\N
tt095673	8	nm0037268	cinematographer	\N	\N	\N
tt095673	9	nm0297015	editor	\N	\N	\N
tt095674	10	nm0872043	cinematographer	\N	\N	\N
tt095674	1	nm0094625	actor	\N	"[""Juan""]"	https://image.tmdb.org/t/p/{width_variable}/sRbDlpCYqMVaw73bvTraBb5VtTS.jpg
tt095674	2	nm0854007	actress	\N	"[""Adelaida""]"	\N
tt095674	3	nm0273178	actor	\N	"[""Mateo""]"	https://image.tmdb.org/t/p/{width_variable}/2itwZtBNlvA4B6tmFmNbQN9qvmu.jpg
tt095674	4	nm0064189	actor	\N	"[""Adan Sidiki""]"	\N
tt095674	5	nm0002797	director	\N	\N	\N
tt095674	6	nm0034999	writer	\N	\N	\N
tt095674	7	nm0874096	producer	producer	\N	https://image.tmdb.org/t/p/{width_variable}/ie3WiHvVWsfvUYVSSlCpnqi1dFw.jpg
tt095674	8	nm0299768	composer	\N	\N	\N
tt095674	9	nm0579166	composer	\N	\N	\N
tt095745	1	nm3625270	actress	\N	"[""Samantha 'Sam' Martin""]"	\N
tt095745	2	nm0520416	actor	\N	"[""Jesse""]"	\N
tt095745	3	nm0102118	actor	\N	"[""Chris Mason""]"	\N
tt095745	4	nm0035650	actress	\N	"[""Waitress""]"	https://image.tmdb.org/t/p/{width_variable}/rIOFnIfdfqhPq1YaFpF46mzITSR.jpg
tt095745	5	nm0035784	director	\N	\N	\N
tt095745	6	nm0607649	composer	\N	\N	\N
tt095745	7	nm0900768	cinematographer	\N	\N	\N
tt095761	10	nm0154093	cinematographer	\N	\N	\N
tt095761	1	nm0707466	actor	\N	"[""Martin""]"	https://image.tmdb.org/t/p/{width_variable}/bdPzeiMZGKfTCpDc2KtAvsyTxwa.jpg
tt095761	2	nm0603402	actress	\N	"[""Hélène Sauveterre""]"	https://image.tmdb.org/t/p/{width_variable}/9wyM1lq2NUr3j8VtY5zXLT3mdjx.jpg
tt095761	3	nm0785264	actress	\N	"[""Claire""]"	https://image.tmdb.org/t/p/{width_variable}/lRWE49goEzGJ53nsbuB3SpndyhY.jpg
tt095761	4	nm0812556	actress	\N	"[""Maria""]"	https://image.tmdb.org/t/p/{width_variable}/4aYjp9Yolm2XgLwaETUXeJZS4TJ.jpg
tt095761	5	nm0675422	director	\N	\N	\N
tt095761	6	nm0106924	writer	\N	\N	https://image.tmdb.org/t/p/{width_variable}/iWFsPdo438E79ZNxleNjxK374NI.jpg
tt095761	7	nm0207076	writer	\N	\N	\N
tt095761	8	nm0686329	producer	producer	\N	\N
tt095761	9	nm10695558	producer	producer	\N	\N
tt095783	10	nm0662491	editor	\N	\N	\N
tt095783	1	nm0000642	actress	\N	"[""Maria""]"	https://image.tmdb.org/t/p/{width_variable}/6bkiBoge0lJZHbDaunp4JhWPeFk.jpg
tt095783	2	nm0413195	actor	\N	"[""Nick""]"	https://image.tmdb.org/t/p/{width_variable}/AfT6qsem9wwi368go8UrEMtUroZ.jpg
tt095783	3	nm0420143	actor	\N	"[""Terry""]"	\N
tt095783	4	nm0954865	actor	\N	"[""Spiro""]"	https://image.tmdb.org/t/p/{width_variable}/8we4W1QXfl75PXgFxTRqDZZUuFH.jpg
tt095783	5	nm0064593	director	\N	\N	https://image.tmdb.org/t/p/{width_variable}/e0jhS485VRWeoek2JecUssRtgRs.jpg
tt095783	6	nm0443572	writer	writer	\N	https://image.tmdb.org/t/p/{width_variable}/x19OdjWwPL1WTJxwTfk14CyU0eV.jpg
tt095783	7	nm0597309	producer	producer	\N	\N
tt095783	8	nm0916276	composer	\N	\N	\N
tt095783	9	nm0205175	cinematographer	\N	\N	\N
tt095831	10	nm0846120	cinematographer	\N	\N	\N
tt095831	1	nm0248408	actor	\N	\N	https://image.tmdb.org/t/p/{width_variable}/akCnmsqWGgxIGslTFlcEe78uxdr.jpg
tt095831	2	nm0079529	actor	\N	\N	\N
tt095831	3	nm0119655	actress	\N	\N	\N
tt095831	4	nm0167952	actor	\N	\N	https://image.tmdb.org/t/p/{width_variable}/aUDiMPbHJ8CkNVbm6C8y2OvqNKS.jpg
tt095831	5	nm0803112	director	\N	\N	https://image.tmdb.org/t/p/{width_variable}/fn07QRKJlKr12QPyDfFVZWOSYGn.jpg
tt095831	6	nm0119653	writer	\N	\N	\N
tt095831	7	nm2641916	composer	\N	\N	\N
tt095831	8	nm14975553	composer	\N	\N	\N
tt095831	9	nm0284648	cinematographer	\N	\N	\N
tt095840	10	nm0909079	editor	film editor	\N	\N
tt095840	1	nm0734458	actor	\N	"[""Jason Shephard""]"	\N
tt095840	2	nm0234831	actress	\N	"[""Evelyn Reed""]"	\N
tt095840	3	nm0191735	actor	\N	"[""Senator Nathan""]"	\N
tt095840	4	nm0138966	actress	\N	"[""Donna Nathan""]"	\N
tt095840	5	nm0709527	director	\N	\N	\N
tt095840	6	nm0580726	producer	producer	\N	https://image.tmdb.org/t/p/{width_variable}/xZfLMVquLJyFdogGnTzQqoqQ1J0.jpg
tt095840	7	nm0160614	producer	producer	\N	\N
tt095840	8	nm0327714	composer	\N	\N	\N
tt095840	9	nm0552274	cinematographer	director of photography	\N	\N
tt095902	10	nm0731521	production_designer	\N	\N	\N
tt095902	1	nm0061528	actor	\N	"[""Clancy""]"	\N
tt095902	2	nm0170577	actor	\N	\N	\N
tt095902	3	nm0337945	actress	\N	"[""Ann Williams""]"	https://image.tmdb.org/t/p/{width_variable}/t3K2Wgb2eRhU88uMUL1pA5oQeiM.jpg
tt095902	4	nm0508880	actor	\N	"[""Frank Draney""]"	https://image.tmdb.org/t/p/{width_variable}/kJXFZPNNnayLIFIk4Pp8eRlXga0.jpg
tt095902	5	nm0514045	director	\N	\N	\N
tt095902	6	nm1058829	producer	producer	\N	\N
tt095902	7	nm0080288	composer	\N	\N	\N
tt095902	8	nm0380689	cinematographer	\N	\N	\N
tt095902	9	nm0073083	editor	\N	\N	\N
tt096025	10	nm0375023	composer	\N	\N	\N
tt096025	1	nm0887511	actress	\N	"[""Hilde""]"	https://image.tmdb.org/t/p/{width_variable}/77U2HyU8msuqpqduOac4adPdKd.jpg
tt096025	2	nm0210918	actor	\N	"[""Guy""]"	https://image.tmdb.org/t/p/{width_variable}/tStPpTzPhongz2t6TGOrnMhOwzF.jpg
tt096025	3	nm0508085	actor	\N	"[""Paul""]"	https://image.tmdb.org/t/p/{width_variable}/pCBvrMKTNo6cqC63qDSipbtt2Rs.jpg
tt096025	4	nm0932904	actress	\N	"[""Anna""]"	\N
tt096025	5	nm0225769	director	\N	\N	https://image.tmdb.org/t/p/{width_variable}/2f0dLgnYUtIFeAX5qECI3BCf0yj.jpg
tt096025	6	nm0888713	writer	\N	\N	\N
tt096025	7	nm0440413	producer	producer	\N	\N
tt096025	8	nm0518429	producer	producer	\N	\N
tt096025	9	nm0927862	producer	producer	\N	\N
tt096035	10	nm2902383	composer	\N	\N	\N
tt096035	1	nm0000959	actor	\N	"[""Ryan""]"	https://image.tmdb.org/t/p/{width_variable}/dOwVFE10FgpLXrKhPdEAplpESjR.jpg
tt096035	2	nm0889250	actress	\N	"[""Dix""]"	\N
tt096035	3	nm2893206	actress	\N	"[""Estelle""]"	\N
tt096035	4	nm0719484	actor	\N	"[""Gas Station Attendant""]"	\N
tt096035	5	nm0093271	director	\N	\N	\N
tt096035	6	nm0456614	writer	story	\N	\N
tt096035	7	nm0522160	producer	producer	\N	\N
tt096035	8	nm0674109	producer	producer	\N	\N
tt096035	9	nm2902831	composer	\N	\N	\N
tt096038	10	nm1969550	actress	\N	\N	\N
tt096038	1	nm0018852	actress	\N	\N	https://image.tmdb.org/t/p/{width_variable}/zHMlTsK4nZbQkxf1lDcIfxfsJ39.jpg
tt096038	2	nm0029553	actress	\N	\N	https://image.tmdb.org/t/p/{width_variable}/natMY7rbWcrQGjRE9X2pDfvGjva.jpg
tt096038	3	nm0083152	actress	\N	\N	https://image.tmdb.org/t/p/{width_variable}/gKAAzChKxDr2DSlgdAqvvguNZ9V.jpg
tt096038	4	nm1967918	actress	\N	\N	\N
tt096038	5	nm0655230	director	\N	\N	https://image.tmdb.org/t/p/{width_variable}/5KGXc7pW9ycMEWYFYwK0otWNff1.jpg
tt096038	6	nm0031080	writer	\N	\N	https://image.tmdb.org/t/p/{width_variable}/yCKC5Fmu1cTyPPiL2PLjYt20s7U.jpg
tt096038	7	nm0104749	cinematographer	\N	\N	\N
tt096038	8	nm0128880	actress	\N	\N	https://image.tmdb.org/t/p/{width_variable}/u0itliFPuRNoIPNxWaznTKG3iwm.jpg
tt096038	9	nm0247624	actor	\N	\N	https://image.tmdb.org/t/p/{width_variable}/uTxx9DqYmUHQPnbLRfnD0byBaTj.jpg
tt096075	10	nm0217709	actress	\N	"[""Barbara""]"	https://image.tmdb.org/t/p/{width_variable}/p49UJbzwPj3vaFa1CrAIHhoQBMo.jpg
tt096075	1	nm0172662	actress	\N	"[""Ivy Barrington""]"	https://image.tmdb.org/t/p/{width_variable}/cxyA4kWJHjMJE3fyC5o2wwgu3Y2.jpg
tt096075	2	nm0529095	actress	\N	"[""Boopsie""]"	\N
tt096075	3	nm0829384	actor	\N	"[""Jackson""]"	\N
tt096075	4	nm0665856	actor	\N	"[""Damon""]"	https://image.tmdb.org/t/p/{width_variable}/kCAXUUvzDjxoDyrZ1TC8FL1LPZS.jpg
tt096075	5	nm0227661	director	\N	\N	\N
tt096075	6	nm0395337	writer	\N	\N	\N
tt096075	7	nm0579746	composer	\N	\N	\N
tt096075	8	nm0720757	cinematographer	\N	\N	\N
tt096075	9	nm0366573	actress	\N	"[""Beth""]"	https://image.tmdb.org/t/p/{width_variable}/w3gBvnH0CzJEbUHj808L1qxXvSP.jpg
tt096090	10	nm5730572	actor	\N	\N	\N
tt096090	1	nm0155546	actress	\N	\N	\N
tt096090	2	nm0945189	actor	\N	"[""Cheung Wai-Lum""]"	https://image.tmdb.org/t/p/{width_variable}/uuLDU1eebQ2eBFtzUrk1mWvNB2m.jpg
tt096090	3	nm0504908	actress	\N	\N	\N
tt096090	4	nm0041249	actress	\N	\N	\N
tt096090	5	nm0525475	director	\N	\N	\N
tt096090	6	nm0482595	producer	producer	\N	https://image.tmdb.org/t/p/{width_variable}/3sQ9QlMkM6m62oljpTjDs9luOMA.jpg
tt096090	7	nm0687782	cinematographer	\N	\N	\N
tt096090	8	nm1824193	actor	\N	\N	\N
tt096090	9	nm3472206	actor	\N	\N	\N
tt096107	1	nm0001425	director	\N	\N	https://image.tmdb.org/t/p/{width_variable}/8wxPNOV9dg7EDHAFrRdJf6BitMl.jpg
tt096107	2	nm0726914	producer	line producer	\N	\N
tt096107	3	nm0887376	producer	line producer	\N	\N
tt096107	4	nm0678456	cinematographer	\N	\N	\N
tt096107	5	nm0912027	editor	\N	\N	\N
tt096135	10	nm0330061	production_designer	\N	\N	\N
tt096135	1	nm6716762	actress	\N	"[""Anne""]"	\N
tt096135	2	nm0131472	actress	\N	"[""Mrs. Fry""]"	https://image.tmdb.org/t/p/{width_variable}/32FgghlYKhLVom9RCR1eucdfgKQ.jpg
tt096135	3	nm0153289	actress	\N	"[""Mrs. Middleton""]"	\N
tt096135	4	nm6716760	actor	\N	"[""Neil""]"	\N
tt096135	5	nm0322560	director	\N	\N	\N
tt096135	6	nm0533735	writer	writer	\N	\N
tt096135	7	nm0564823	producer	producer	\N	\N
tt096135	8	nm0006235	composer	\N	\N	https://image.tmdb.org/t/p/{width_variable}/Am3W0n5fPR7hepTR0c1X7RC1zZO.jpg
tt096135	9	nm1848714	editor	\N	\N	\N
tt096154	10	nm0005881	cinematographer	\N	\N	\N
tt096154	1	nm0450116	actor	\N	"[""Jim""]"	https://image.tmdb.org/t/p/{width_variable}/4OSrhPMEkRHcDXEkXba0FxF0WQD.jpg
tt096154	2	nm0000481	actress	\N	"[""Isabelle""]"	https://image.tmdb.org/t/p/{width_variable}/jHOknQMjkIqqrm5RjtMCnJfnGXl.jpg
tt096154	3	nm0005162	actor	\N	"[""Mac""]"	https://image.tmdb.org/t/p/{width_variable}/mRSUgJnfprCNw83pyVfpfW7ryfK.jpg
tt096154	4	nm0002663	actress	\N	"[""Alice""]"	https://image.tmdb.org/t/p/{width_variable}/2fmurzpgqZFYc8JzS64PHt0amon.jpg
tt096154	5	nm0002793	director	\N	\N	\N
tt096154	6	nm0396400	writer	written by	\N	\N
tt096154	7	nm0506478	producer	producer	\N	\N
tt096154	8	nm0004443	composer	\N	\N	\N
tt096154	9	nm0001877	composer	\N	\N	https://image.tmdb.org/t/p/{width_variable}/tpQnDeHY15szIXvpnhlprufz4d.jpg
tt096174	10	nm0412403	production_designer	\N	\N	\N
tt096174	1	nm0816298	actress	\N	"[""Stela Loncar""]"	https://image.tmdb.org/t/p/{width_variable}/6ZK49gfduZZXM8h68fbcFEdAgos.jpg
tt096174	2	nm0491551	actor	\N	"[""Mato Herceg""]"	https://image.tmdb.org/t/p/{width_variable}/mhdR4kLeLDLN3iwnZy6ckbqh20X.jpg
tt096174	3	nm0471771	actor	\N	"[""Mijo Loncar""]"	https://image.tmdb.org/t/p/{width_variable}/nP2xkExDaBOXINTiY9ttjuPsmrq.jpg
tt096174	4	nm0001245	actress	\N	"[""Lucija""]"	https://image.tmdb.org/t/p/{width_variable}/230eF35kgW0Jo2II1LmGPlRuw8a.jpg
tt096174	5	nm0470749	director	\N	\N	\N
tt096174	6	nm0667724	writer	writer's collaborator	\N	\N
tt096174	7	nm0214097	composer	\N	\N	https://image.tmdb.org/t/p/{width_variable}/hWeRVP7MtSgMzqd9Ep3CGLjHJs8.jpg
tt096174	8	nm0707435	cinematographer	\N	\N	\N
tt096174	9	nm0827876	editor	\N	\N	\N
tt096177	10	nm0004582	composer	\N	\N	https://image.tmdb.org/t/p/{width_variable}/zaDjp7SHmSAw0lbhyet5gijUCZO.jpg
tt096177	1	nm0001263	actor	\N	"[""Peter Sherwood""]"	https://image.tmdb.org/t/p/{width_variable}/45Dea89CukCmdk88F7RQMgpAeYC.jpg
tt096177	2	nm0824763	actress	\N	"[""Nellie Ambrose""]"	https://image.tmdb.org/t/p/{width_variable}/7pKpGn6beYaDdEnSSmZWJY5DGlc.jpg
tt096177	3	nm0791156	actor	\N	"[""Teddy Bullock""]"	https://image.tmdb.org/t/p/{width_variable}/m2x70cxaqKqxNzNuCVw8erfgm7W.jpg
tt096177	4	nm0001200	actor	\N	"[""Billy""]"	https://image.tmdb.org/t/p/{width_variable}/jGzbxhmJUZBLk3MblowFm6iI1m2.jpg
tt096177	5	nm0132490	director	\N	\N	\N
tt096177	6	nm0661751	writer	\N	\N	https://image.tmdb.org/t/p/{width_variable}/jpgHbQjkrQHZnhmOvmDLhxvSf3r.jpg
tt096177	7	nm0845829	writer	\N	\N	\N
tt096177	8	nm0959552	producer	producer	\N	\N
tt096177	9	nm0830208	producer	producer	\N	\N
tt096222	10	nm0155163	editor	\N	\N	https://image.tmdb.org/t/p/{width_variable}/beXskPZupY5mpFrqi3Lt3Jh24Qi.jpg
tt096222	1	nm0510903	actor	\N	"[""Lin Chi-Yin""]"	https://image.tmdb.org/t/p/{width_variable}/jNYxGjJDpXrNfvVUO1DHx2axbl3.jpg
tt096222	2	nm0156522	actress	\N	"[""Miss Chang""]"	https://image.tmdb.org/t/p/{width_variable}/mHu0edLezIp5gPYzPX7w4d2Iw15.jpg
tt096222	3	nm0156467	actor	\N	"[""Chang Yichien""]"	https://image.tmdb.org/t/p/{width_variable}/b2a2h0Xz4pDk7B0WDFADvzc5S1g.jpg
tt096222	4	nm0628806	actor	\N	"[""Director Ching Monta""]"	https://image.tmdb.org/t/p/{width_variable}/l0v7Fn5qPizk7Mt2WGNHiMF8hx5.jpg
tt096222	5	nm0160900	director	\N	\N	https://image.tmdb.org/t/p/{width_variable}/kuwtwIFDQbH1FagPPLMMweL0nl6.jpg
tt096222	6	nm0159052	writer	writer	\N	https://image.tmdb.org/t/p/{width_variable}/du89FDdXNfxyp20afB3tZ1kAOtk.jpg
tt096222	7	nm0939147	producer	producer	\N	https://image.tmdb.org/t/p/{width_variable}/gMmaDRst3OwnY1wClKt541AmslD.jpg
tt096222	8	nm2696407	composer	\N	\N	\N
tt096222	9	nm0151870	cinematographer	\N	\N	\N
tt096254	1	nm0057062	actor	\N	\N	\N
tt096254	2	nm0486824	actress	\N	\N	\N
tt096254	3	nm0000491	actor	\N	\N	https://image.tmdb.org/t/p/{width_variable}/kwYCdxTlDh9zauUCg4mp2XTCQTw.jpg
tt096254	4	nm0851930	director	\N	\N	https://image.tmdb.org/t/p/{width_variable}/sXC2wNRo7lshghNnNaPdWQ9sqKe.jpg
tt096254	5	nm0102074	composer	\N	\N	\N
tt096254	6	nm0220865	cinematographer	\N	\N	\N
tt096345	10	nm0456292	cinematographer	\N	\N	\N
tt096345	1	nm0535421	actor	\N	"[""Andi""]"	https://image.tmdb.org/t/p/{width_variable}/oTyDrKdZUlGf3SEBwH3vStDalQu.jpg
tt096345	2	nm0374610	actor	\N	"[""Micha""]"	https://image.tmdb.org/t/p/{width_variable}/i8j5uOthHZl1DndZClKdRFdhlnJ.jpg
tt096345	3	nm0500529	actor	\N	"[""Thomas""]"	\N
tt096345	4	nm0009436	actress	\N	"[""Katherina""]"	https://image.tmdb.org/t/p/{width_variable}/2gumC3faiIduRORTH6XAPUd7BEd.jpg
tt096345	5	nm0766649	director	\N	\N	\N
tt096345	6	nm0439856	producer	producer	\N	\N
tt096345	7	nm0618310	producer	producer	\N	\N
tt096345	8	nm0941811	producer	producer	\N	https://image.tmdb.org/t/p/{width_variable}/hFQeziBgFDu5YsLb5ofqTErq0J9.jpg
tt096345	9	nm0108041	composer	\N	\N	\N
tt096346	10	nm0405809	editor	\N	\N	\N
tt096346	1	nm0182465	actor	\N	"[""Fabian""]"	\N
tt096346	2	nm0351518	actor	\N	"[""Junge""]"	\N
tt096346	3	nm0777560	actress	\N	"[""Wirtin""]"	https://image.tmdb.org/t/p/{width_variable}/8H8u0BLYaT1JdiWLV7ePV2Lmioj.jpg
tt096346	4	nm0871219	actress	\N	"[""Andrea""]"	https://image.tmdb.org/t/p/{width_variable}/ouciPPM1VlqXJdpOZkx7cISmftp.jpg
tt096346	5	nm0936123	director	\N	\N	https://image.tmdb.org/t/p/{width_variable}/heX5Q6NtJIYgogGmdZE7RqtsVhz.jpg
tt096346	6	nm1572419	writer	"story ""Der Webstuhl"""	\N	\N
tt096346	7	nm0126646	producer	producer	\N	\N
tt096346	8	nm0652310	composer	\N	\N	\N
tt096346	9	nm0275818	cinematographer	\N	\N	\N
tt096361	10	nm5934338	writer	english adaptation	\N	\N
tt096361	1	nm0619179	actress	\N	"[""Miyu""]"	https://image.tmdb.org/t/p/{width_variable}/vawayMgXfIm2in79OQVS5WJeYp2.jpg
tt096361	2	nm0586528	actor	\N	"[""Larva""]"	https://image.tmdb.org/t/p/{width_variable}/yL9Tx2HZgK7t5AssYl6oGE9bjdj.jpg
tt096361	3	nm0644527	actress	\N	"[""Reiha"",""Matsukaze""]"	https://image.tmdb.org/t/p/{width_variable}/eNdfMUyZgG5P4TNIZpbTAu8gBs9.jpg
tt096361	4	nm0794211	actress	\N	"[""Chisato Inoue""]"	\N
tt096361	5	nm0386185	director	\N	\N	\N
tt096361	6	nm1684335	director	\N	\N	\N
tt096361	7	nm0366625	writer	english adaptation	\N	https://image.tmdb.org/t/p/{width_variable}/zp00HY4uZEypDGuN1naHSqFt9FS.jpg
tt096361	8	nm4054745	writer	\N	\N	\N
tt096361	9	nm0469674	writer	english adaptation	\N	\N
tt096362	10	nm5934338	writer	english adaptation	\N	\N
tt096362	1	nm0619179	actress	\N	"[""Miyu""]"	https://image.tmdb.org/t/p/{width_variable}/vawayMgXfIm2in79OQVS5WJeYp2.jpg
tt096362	2	nm0586528	actor	\N	"[""Larva""]"	https://image.tmdb.org/t/p/{width_variable}/yL9Tx2HZgK7t5AssYl6oGE9bjdj.jpg
tt096362	3	nm0644527	actress	\N	"[""Reiha"",""Matsukaze""]"	https://image.tmdb.org/t/p/{width_variable}/eNdfMUyZgG5P4TNIZpbTAu8gBs9.jpg
tt096362	4	nm0794211	actress	\N	"[""Chisato Inoue""]"	\N
tt096362	5	nm0386185	director	\N	\N	\N
tt096362	6	nm1011775	director	\N	\N	https://image.tmdb.org/t/p/{width_variable}/sRLvJOl5OtPdprYnpUiImeWiceR.jpg
tt096362	7	nm0366625	writer	english adaptation	\N	https://image.tmdb.org/t/p/{width_variable}/zp00HY4uZEypDGuN1naHSqFt9FS.jpg
tt096362	8	nm4054745	writer	\N	\N	\N
tt096362	9	nm0469674	writer	english adaptation	\N	\N
tt096363	10	nm5934338	writer	english adaptation	\N	\N
tt096363	1	nm0619179	actress	\N	"[""Miyu""]"	https://image.tmdb.org/t/p/{width_variable}/vawayMgXfIm2in79OQVS5WJeYp2.jpg
tt096363	2	nm0586528	actor	\N	"[""Larva""]"	https://image.tmdb.org/t/p/{width_variable}/yL9Tx2HZgK7t5AssYl6oGE9bjdj.jpg
tt096363	3	nm0644527	actress	\N	"[""Reiha"",""Matsukaze""]"	https://image.tmdb.org/t/p/{width_variable}/eNdfMUyZgG5P4TNIZpbTAu8gBs9.jpg
tt096363	4	nm0794211	actress	\N	"[""Chisato Inoue""]"	\N
tt096363	5	nm0386185	director	\N	\N	\N
tt096363	6	nm1011775	director	\N	\N	https://image.tmdb.org/t/p/{width_variable}/sRLvJOl5OtPdprYnpUiImeWiceR.jpg
tt096363	7	nm0366625	writer	english adaptation	\N	https://image.tmdb.org/t/p/{width_variable}/zp00HY4uZEypDGuN1naHSqFt9FS.jpg
tt096363	8	nm4054745	writer	\N	\N	\N
tt096363	9	nm0469674	writer	english adaptation	\N	\N
tt096397	10	nm4240629	actor	\N	"[""Lewis""]"	\N
tt096397	1	nm0189943	actor	\N	\N	https://image.tmdb.org/t/p/{width_variable}/flYq1atbQpNZp2lWdKMEtP8uV9x.jpg
tt096397	2	nm0224026	actor	\N	\N	https://image.tmdb.org/t/p/{width_variable}/hrd0vZW8AINAOenYgjJvaDeAm37.jpg
tt096397	3	nm0239824	actress	\N	\N	https://image.tmdb.org/t/p/{width_variable}/iLFTLKQjAuzuxDwNKe1iyfe98BD.jpg
tt096397	4	nm0337945	actress	\N	\N	https://image.tmdb.org/t/p/{width_variable}/t3K2Wgb2eRhU88uMUL1pA5oQeiM.jpg
tt096397	5	nm0509136	director	\N	\N	\N
tt096397	6	nm0392248	cinematographer	\N	\N	\N
tt096397	7	nm8393091	production_designer	\N	\N	\N
tt096397	8	nm0355219	production_designer	\N	\N	https://image.tmdb.org/t/p/{width_variable}/7aL8CeYuKtt6SU50ZWNs8wnVsgd.jpg
tt096397	9	nm0383533	actress	\N	\N	https://image.tmdb.org/t/p/{width_variable}/gMYIyJKmfPxX12lRFFAV1NeIymI.jpg
tt096405	10	nm0851320	cinematographer	\N	\N	\N
tt096405	1	nm0703438	actress	\N	"[""Susan""]"	https://image.tmdb.org/t/p/{width_variable}/u6k0QLlCsvVQ3HIkjWxcurkhvFI.jpg
tt096405	2	nm0654110	actor	\N	"[""Jake""]"	https://image.tmdb.org/t/p/{width_variable}/ed0LT4wH1rUCviCFexd4XPZVHE1.jpg
tt096405	3	nm0000667	actor	\N	"[""Ringe""]"	https://image.tmdb.org/t/p/{width_variable}/sNuYyT8ocLlQr3TdAW9CoKVbCU8.jpg
tt096405	4	nm0452950	actress	\N	"[""Kate""]"	https://image.tmdb.org/t/p/{width_variable}/bSevkJEldWbFBJLQaOarjTMeZt8.jpg
tt096405	5	nm0452319	director	\N	\N	https://image.tmdb.org/t/p/{width_variable}/x6kMAF5aO2s7oNYMl6el1Z79ckT.jpg
tt096405	6	nm0142179	writer	\N	\N	\N
tt096405	7	nm0514264	producer	producer	\N	\N
tt096405	8	nm0452317	composer	\N	\N	\N
tt096405	9	nm0568580	composer	\N	\N	\N
tt096469	10	nm0948192	editor	\N	\N	\N
tt096469	1	nm0960013	actress	\N	"[""Ying""]"	https://image.tmdb.org/t/p/{width_variable}/76B1cA3EgXbEHBsFJD13Pv4LLrg.jpg
tt096469	2	nm0516240	actress	\N	"[""Rabbit""]"	https://image.tmdb.org/t/p/{width_variable}/aMYR4JYfzFnRpvNOVXQKCHepPIK.jpg
tt096469	3	nm0504908	actress	\N	"[""Cherry""]"	\N
tt096469	4	nm5768023	actress	\N	\N	\N
tt096469	5	nm0157392	director	\N	\N	https://image.tmdb.org/t/p/{width_variable}/tqzySnsIP0xEdb97IUxUTBt64RG.jpg
tt096469	6	nm0477269	writer	screenplay	\N	\N
tt096469	7	nm0943145	producer	producer	\N	\N
tt096469	8	nm1385959	composer	\N	\N	\N
tt096469	9	nm0156901	cinematographer	\N	\N	\N
tt096500	1	nm0262253	actor	\N	"[""Viscount Gontrand de Signoles""]"	https://image.tmdb.org/t/p/{width_variable}/fe2HGDXkZ7HR58ey0UQtBArws6u.jpg
tt096500	2	nm0482261	actor	\N	"[""Inspector""]"	https://image.tmdb.org/t/p/{width_variable}/pin12i1NslkiKvm3TwnNnMLhj3S.jpg
tt096500	3	nm0649121	actor	\N	"[""Cesar - Viscount's Butler""]"	\N
tt096500	4	nm3136120	actor	\N	"[""Doctor Laca sagne""]"	\N
tt096500	5	nm3134982	director	\N	\N	\N
tt096500	6	nm0560943	writer	short story	\N	https://image.tmdb.org/t/p/{width_variable}/5TnxaJOQcUI3ysXUvstMXfm4bJP.jpg
tt096500	7	nm0689771	composer	\N	\N	\N
tt096500	8	nm0636450	cinematographer	\N	\N	\N
tt096500	9	nm3135666	editor	\N	\N	\N
tt096513	10	nm0306473	composer	\N	\N	\N
tt096513	1	nm0150894	actor	\N	"[""James""]"	https://image.tmdb.org/t/p/{width_variable}/7QhbscCqK0yVzL22H8fdQsI9ezb.jpg
tt096513	2	nm0161275	actor	\N	"[""Bond""]"	\N
tt096513	3	nm0594226	actor	\N	"[""Sergeant Tai Hwa Wang""]"	https://image.tmdb.org/t/p/{width_variable}/cCmCh5D3bRA1dZ7xKGH5pBjkyQf.jpg
tt096513	4	nm0960013	actress	\N	"[""Tequila""]"	https://image.tmdb.org/t/p/{width_variable}/76B1cA3EgXbEHBsFJD13Pv4LLrg.jpg
tt096513	5	nm1847973	writer	feature writer	\N	\N
tt096513	6	nm0938944	writer	\N	\N	https://image.tmdb.org/t/p/{width_variable}/arQkbiAYI8WWU39pYQbBsBw5Dvd.jpg
tt096513	7	nm3561144	producer	producer	\N	\N
tt096513	8	nm3154386	producer	producer	\N	\N
tt096513	9	nm0874676	producer	producer	\N	https://image.tmdb.org/t/p/{width_variable}/vrPBadugqlMkfNIYzLZbP4sEF1j.jpg
tt096749	10	nm0784780	production_designer	\N	\N	\N